代码,name,rose(3y),rank(3y),rank_r(3y),rose(2y),rank(2y),rank_r(2y),rose(1y),rank(1y),rank_r(1y),rose(6m),rank(6m),rank_r(6m),rose(3m),rank(3m),rank_r(3m),名称
796,宝盈睿丰创新混合C,0.2856,2178,0.118886463,0.4762,1696,0.092576419,0.7973,1996,0.108951965,0.236,4020,0.219432314,0.5013,950,0.051855895,宝盈睿丰创新混合C
850,汇丰晋信双核策略混合C,0.4343,1164,0.063537118,0.5567,1250,0.068231441,0.7944,2011,0.109770742,0.2294,4198,0.229148472,0.3253,2860,0.156113537,汇丰晋信双核策略混合C
1174,中欧瑾和灵活配置混合C,0.4509,1098,0.059934498,0.6074,1014,0.055349345,1.2674,388,0.021179039,0.459,943,0.051473799,0.4565,1220,0.066593886,中欧瑾和灵活配置混合C
1326,鹏华弘和混合C,0.3589,1609,0.087827511,0.3337,3114,0.169978166,0.8327,1803,0.098417031,0.3715,1657,0.090447598,0.2738,3804,0.207641921,鹏华弘和混合C
1407,景顺长城稳健回报混合C,1.8933,11,0.000600437,2.0164,7,0.000382096,2.0949,20,0.001091703,1.0281,41,0.002237991,0.997,33,0.00180131,景顺长城稳健回报混合C
1426,南方大数据300C,0.3688,1542,0.084170306,0.3859,2450,0.133733624,0.8264,1835,0.100163755,0.2264,4295,0.234443231,0.1987,6007,0.327893013,南方大数据300C
1467,华富永鑫灵活配置混合C,0.5427,756,0.041266376,0.5809,1136,0.062008734,0.6818,2753,0.150272926,0.4517,993,0.054203057,0.2836,3619,0.197543668,华富永鑫灵活配置混合C
1557,天弘中证500指数增强C,0.2481,2543,0.138810044,0.353,2837,0.154858079,0.6301,3220,0.175764192,0.2357,4031,0.220032751,0.2745,3782,0.206441048,天弘中证500指数增强C
1593,天弘创业板ETF联接C,0.3589,1609,0.087827511,0.5356,1368,0.074672489,0.9706,1164,0.063537118,0.4367,1099,0.059989083,0.5138,863,0.047106987,天弘创业板ETF联接C
1618,天弘中证电子ETF联接C,0.8952,219,0.011954148,0.8174,424,0.023144105,1.1071,643,0.035098253,0.4316,1138,0.062117904,0.5322,778,0.042467249,天弘中证电子ETF联接C
1665,平安鑫安混合C,0.5648,700,0.038209607,0.5784,1146,0.062554585,0.8605,1629,0.088919214,0.4525,985,0.053766376,0.5337,770,0.042030568,平安鑫安混合C
1770,前海开源嘉鑫混合C,1.0173,154,0.008406114,1.0392,170,0.009279476,1.0879,705,0.038482533,0.218,4537,0.247652838,0.5058,925,0.050491266,前海开源嘉鑫混合C
1997,工银新趋势灵活配置混合C,0.1976,3263,0.178111354,0.3599,2760,0.150655022,0.5356,4379,0.239028384,0.3555,1839,0.100382096,0.422,1584,0.086462882,工银新趋势灵活配置混合C
1998,工银新焦点混合C,0.5068,867,0.047325328,0.6166,982,0.05360262,0.8751,1559,0.085098253,0.3219,2356,0.12860262,0.3894,1929,0.10529476,工银新焦点混合C
2036,安信优势增长混合C,0.2847,2196,0.119868996,0.3794,2520,0.137554585,0.6596,2950,0.161026201,0.3136,2485,0.135644105,0.3127,3053,0.166648472,安信优势增长混合C
2051,诺安创新驱动混合C,0.5261,797,0.043504367,0.4407,1972,0.107641921,0.7453,2312,0.126200873,0.186,5598,0.305567686,0.2566,4130,0.225436681,诺安创新驱动混合C
2052,诺安稳健回报混合C,0.5039,879,0.047980349,1.0756,147,0.008024017,1.5849,107,0.005840611,0.4185,1251,0.068286026,0.4289,1510,0.082423581,诺安稳健回报混合C
2096,博时新收益C,0.3102,1974,0.107751092,0.6367,911,0.049727074,0.8698,1592,0.086899563,0.456,963,0.052565502,0.3986,1826,0.099672489,博时新收益C
2112,德邦鑫星价值灵活配置混合C,1.9958,7,0.000382096,2.315,2,0.00010917,2.7993,2,0.00010917,1.245,6,0.000327511,1.1255,10,0.000545852,德邦鑫星价值灵活配置混合C
2158,汇添富安鑫智选混合C,0.149,4122,0.225,0.3162,3356,0.183187773,0.7564,2227,0.121561135,0.3225,2345,0.128002183,0.377,2072,0.113100437,汇添富安鑫智选混合C
2163,东方惠新灵活配置混合C,0.6257,571,0.031168122,1.0608,155,0.008460699,1.4276,212,0.011572052,0.3763,1616,0.088209607,0.3811,2020,0.110262009,东方惠新灵活配置混合C
2170,东吴移动互联混合C,2.14,3,0.000163755,1.4397,42,0.002292576,1.3933,229,0.0125,0.8205,109,0.005949782,0.8008,143,0.007805677,东吴移动互联混合C
2207,前海开源金银珠宝混合C,0.8895,221,0.012063319,0.5969,1053,0.057478166,0.6327,3200,0.174672489,0.4077,1348,0.073580786,0.2822,3642,0.198799127,前海开源金银珠宝混合C
2233,工银丰收回报灵活配置混合C,0.3825,1444,0.078820961,0.3877,2435,0.132914847,0.5956,3561,0.194377729,0.2675,3311,0.180731441,0.2624,4001,0.218395197,工银丰收回报灵活配置混合C
2316,创金合信中证500指数增强C,0.2305,2777,0.151582969,0.2782,3992,0.21790393,0.5997,3512,0.191703057,0.1969,5241,0.286080786,0.2353,4728,0.258078603,创金合信中证500指数增强C
2451,平安睿享文娱混合C,0.3857,1421,0.077565502,0.5084,1504,0.08209607,1.0042,1015,0.05540393,0.4652,905,0.049399563,0.5476,715,0.039028384,平安睿享文娱混合C
2555,博时沪港深优质企业基金C,0.2074,3117,0.170141921,0.5417,1337,0.072980349,1.1292,595,0.032478166,0.4341,1115,0.060862445,0.5857,568,0.031004367,博时沪港深优质企业基金C
2771,安信新回报混合C,0.6898,439,0.023962882,1.2641,88,0.004803493,1.5637,121,0.006604803,1.0938,18,0.000982533,0.7261,233,0.012718341,安信新回报混合C
2872,华夏智胜价值成长C,0.471,1001,0.054639738,0.341,3014,0.164519651,0.6857,2723,0.148635371,0.2342,4077,0.222543668,0.2079,5595,0.30540393,华夏智胜价值成长C
2903,广发中证500ETF联接C,0.2482,2542,0.138755459,0.2671,4189,0.228657205,0.5598,4044,0.220742358,0.2045,4979,0.271779476,0.2548,4196,0.229039301,广发中证500ETF联接C
2974,广发信息技术联接C,0.7515,352,0.019213974,0.6465,878,0.047925764,1.0318,904,0.049344978,0.3512,1893,0.103329694,0.4549,1237,0.067521834,广发信息技术联接C
3070,光大创业板量化优选C,0.2674,2346,0.128056769,0.5065,1511,0.082478166,0.8868,1497,0.081713974,0.3592,1795,0.097980349,0.4482,1306,0.07128821,光大创业板量化优选C
3305,前海开源沪港深核心资源混合C,0.608,607,0.033133188,0.6748,805,0.043941048,0.9236,1335,0.072871179,0.4878,770,0.042030568,0.3681,2220,0.121179039,前海开源沪港深核心资源混合C
3374,大成景禄灵活配置混合C,0.4753,985,0.053766376,0.6667,835,0.045578603,1.0443,858,0.046834061,0.2098,4791,0.261517467,0.1967,6079,0.331823144,大成景禄灵活配置混合C
3578,中金中证500指数增强C,0.315,1928,0.105240175,0.3639,2697,0.147216157,0.6341,3180,0.173580786,0.2324,4120,0.22489083,0.2633,3977,0.217085153,中金中证500指数增强C
3587,先锋精一混合C,0.3548,1637,0.089355895,0.4136,2198,0.119978166,0.6516,3018,0.164737991,0.1921,5403,0.294923581,0.2709,3857,0.210534934,先锋精一混合C
3761,国泰中证500指数增强C,0.313,1953,0.106604803,0.301,3589,0.195906114,0.5771,3824,0.208733624,0.191,5435,0.296670306,0.2475,4418,0.241157205,国泰中证500指数增强C
3766,广发创业板ETF发起式联接C,0.3526,1656,0.090393013,0.5409,1340,0.073144105,0.9982,1035,0.056495633,0.4376,1094,0.059716157,0.5219,817,0.04459607,广发创业板ETF发起式联接C
3858,前海开源周期优选混合C,0.4333,1170,0.063864629,0.8246,413,0.022543668,1.0372,882,0.048144105,0.6742,227,0.01239083,0.7416,210,0.011462882,前海开源周期优选混合C
3865,创金合信量化多因子股票C,0.2593,2445,0.133460699,0.2597,4340,0.236899563,0.6785,2790,0.152292576,0.2013,5083,0.277456332,0.2021,5871,0.320469432,创金合信量化多因子股票C
4193,招商中证500指数增强C,0.3709,1523,0.083133188,0.3559,2802,0.152947598,0.6074,3427,0.187063319,0.2068,4910,0.2680131,0.2338,4763,0.259989083,招商中证500指数增强C
4195,招商中证1000指数增强C,0.4162,1252,0.068340611,0.3722,2605,0.142194323,0.7124,2532,0.138209607,0.2175,4553,0.248526201,0.2302,4856,0.265065502,招商中证1000指数增强C
4231,中欧行业成长混合(LOF)C,0.1498,4100,0.223799127,0.3932,2378,0.129803493,0.569,3918,0.213864629,0.2899,2884,0.157423581,0.2823,3639,0.198635371,中欧行业成长混合(LOF)C
4234,中欧数据挖掘多因子混合C,0.3359,1768,0.09650655,0.4504,1890,0.103165939,0.7334,2394,0.130676856,0.2443,3810,0.207969432,0.2213,5105,0.278657205,中欧数据挖掘多因子混合C
4235,中欧价值智选混合C,0.1988,3237,0.17669214,0.4058,2277,0.124290393,0.6828,2747,0.149945415,0.2615,3416,0.186462882,0.2682,3890,0.212336245,中欧价值智选混合C
4237,中欧新蓝筹混合C,0.4114,1279,0.06981441,0.5732,1165,0.063591703,0.8056,1946,0.106222707,0.5635,462,0.025218341,0.5839,580,0.031659389,中欧新蓝筹混合C
4241,中欧时代先锋股票C,0.1895,3408,0.186026201,0.3792,2525,0.137827511,0.5437,4270,0.233078603,0.3658,1712,0.093449782,0.4132,1669,0.09110262,中欧时代先锋股票C
4315,前海开源沪港深新硬件C,0.2452,2593,0.141539301,0.4979,1556,0.084934498,1.0798,741,0.040447598,0.3237,2320,0.126637555,0.4845,1048,0.05720524,前海开源沪港深新硬件C
4343,南方创业板ETF联接C,0.3776,1474,0.080458515,0.5575,1247,0.068067686,1.003,1021,0.055731441,0.436,1102,0.060152838,0.5131,867,0.047325328,南方创业板ETF联接C
4345,南方深证成份ETF联接C,0.21,3081,0.168176856,0.2976,3648,0.199126638,0.598,3529,0.192631004,0.227,4275,0.233351528,0.293,3440,0.187772926,南方深证成份ETF联接C
4347,南方中证500信息技术联接C,0.6889,441,0.024072052,0.6188,973,0.053111354,1.0783,748,0.040829694,0.3112,2518,0.137445415,0.415,1649,0.090010917,南方中证500信息技术联接C
4348,南方中证500ETF联接(LOF)C,0.2428,2634,0.143777293,0.2649,4233,0.231058952,0.5679,3937,0.214901747,0.2044,4984,0.272052402,0.2557,4164,0.227292576,南方中证500ETF联接(LOF)C
4391,平安转型创新混合C,0.3257,1839,0.100382096,0.6404,897,0.048962882,1.0848,719,0.039246725,0.5766,426,0.023253275,0.7452,203,0.011080786,平安转型创新混合C
4408,招商深证100指数C,0.2283,2804,0.153056769,0.3219,3278,0.178930131,0.5869,3677,0.200709607,0.2454,3787,0.206713974,0.3029,3237,0.17669214,招商深证100指数C
4409,招商深证TMT50ETF联接C,0.8258,269,0.014683406,0.7336,620,0.033842795,1.0069,1005,0.054858079,0.5074,664,0.036244541,0.5831,584,0.031877729,招商深证TMT50ETF联接C
4433,南方中证申万有色金属ETF发起联接C,0.2595,2443,0.133351528,0.4617,1802,0.098362445,0.6192,3322,0.181331878,0.3596,1793,0.097871179,0.3442,2570,0.140283843,南方中证申万有色金属ETF发起联接C
4435,博时逆向投资混合C,0.2276,2814,0.15360262,0.4228,2122,0.115829694,0.5954,3564,0.194541485,0.4046,1374,0.075,0.4234,1570,0.08569869,博时逆向投资混合C
4497,前海开源多元策略混合C,0.6158,595,0.032478166,0.4805,1665,0.090884279,0.6034,3461,0.188919214,0.286,2959,0.161517467,0.2571,4116,0.224672489,前海开源多元策略混合C
4522,安信工业4.0灵活配置混合C,0.3794,1462,0.079803493,0.4035,2296,0.125327511,0.535,4388,0.239519651,0.289,2907,0.158679039,0.3809,2026,0.11058952,安信工业4.0灵活配置混合C
4635,中信建投睿利C,0.4547,1079,0.05889738,0.4921,1600,0.087336245,0.8085,1932,0.105458515,0.2406,3899,0.212827511,0.2153,5330,0.290938865,中信建投睿利C
4675,富国新机遇灵活配置混合C,0.2843,2201,0.120141921,0.4268,2098,0.114519651,0.6536,2997,0.163591703,0.3126,2493,0.136080786,0.2067,5660,0.308951965,富国新机遇灵活配置混合C
4719,景顺长城睿成混合C,0.3348,1774,0.096834061,0.4312,2063,0.11260917,0.5953,3566,0.194650655,0.2211,4452,0.2430131,0.2869,3559,0.194268559,景顺长城睿成混合C
4742,易方达深证100ETF联接C,0.1909,3380,0.184497817,0.29,3780,0.206331878,0.5545,4122,0.225,0.2457,3783,0.206495633,0.303,3234,0.176528384,易方达深证100ETF联接C
4744,易方达创业板ETF联接C,0.3413,1736,0.094759825,0.525,1417,0.077347162,0.9809,1117,0.060971616,0.4335,1117,0.060971616,0.5109,890,0.048580786,易方达创业板ETF联接C
4753,广发中证传媒ETF联接C,0.868,238,0.012991266,0.3336,3117,0.170141921,0.7307,2409,0.131495633,0.2202,4480,0.244541485,0.2545,4207,0.229639738,广发中证传媒ETF联接C
4819,国寿安保目标策略混合发起C,0.3715,1517,0.082805677,0.4315,2057,0.112281659,0.9472,1264,0.068995633,0.2694,3276,0.178820961,0.3808,2027,0.110644105,国寿安保目标策略混合发起C
4834,先锋聚利混合C,0.5018,885,0.04830786,0.5441,1318,0.071943231,0.8217,1858,0.101419214,0.1904,5459,0.297980349,0.2362,4703,0.256713974,先锋聚利混合C
4870,融通创业板指数C,0.3088,1985,0.108351528,0.5547,1261,0.068831878,1.0057,1010,0.055131004,0.4417,1053,0.057478166,0.5122,876,0.047816594,融通创业板指数C
4875,融通深证成份指数C,0.2479,2548,0.139082969,0.3313,3153,0.172106987,0.6178,3332,0.181877729,0.2314,4146,0.226310044,0.2925,3453,0.188482533,融通深证成份指数C
4876,融通深证100指数C,0.1613,3898,0.212772926,0.2692,4149,0.226473799,0.5368,4362,0.238100437,0.2382,3967,0.216539301,0.2986,3330,0.181768559,融通深证100指数C
5114,平安沪深300指数量化C,0.2442,2610,0.142467249,0.3194,3311,0.180731441,0.5246,4504,0.245851528,0.2146,4638,0.253165939,0.2314,4824,0.263318777,平安沪深300指数量化C
5118,金信价值精选混合C,0.6191,586,0.0319869,0.6305,936,0.051091703,1.1316,591,0.032259825,0.5612,468,0.025545852,0.2206,5134,0.280240175,金信价值精选混合C
5143,国联沪港深大消费主题C,0.6968,423,0.02308952,0.4917,1601,0.08739083,0.854,1668,0.091048035,0.2737,3188,0.174017467,0.2273,4934,0.269323144,国联沪港深大消费主题C
5187,长安鑫兴混合C,0.4253,1210,0.066048035,0.7989,460,0.02510917,0.9138,1370,0.074781659,0.303,2642,0.144213974,0.3448,2557,0.139574236,长安鑫兴混合C
5198,工银沪港深精选混合C,0.4934,915,0.049945415,0.597,1052,0.057423581,0.6285,3232,0.176419214,0.2725,3211,0.175272926,0.2403,4604,0.251310044,工银沪港深精选混合C
5207,南方高端装备混合C,0.1584,3937,0.214901747,0.5176,1455,0.079421397,1.0063,1008,0.055021834,0.4295,1155,0.063045852,0.6052,496,0.027074236,南方高端装备混合C
5245,国泰聚优价值灵活配置混合C,0.1476,4154,0.226746725,0.328,3200,0.174672489,0.666,2893,0.157914847,0.2556,3549,0.193722707,0.2556,4169,0.227565502,国泰聚优价值灵活配置混合C
5287,海富通创业板增强C,0.27,2326,0.126965066,0.4115,2217,0.121015284,0.8057,1945,0.106168122,0.3059,2589,0.141320961,0.337,2704,0.147598253,海富通创业板增强C
5297,南华丰淳混合C,0.1922,3357,0.183242358,0.3746,2568,0.140174672,0.8499,1700,0.09279476,0.2126,4702,0.256659389,0.3719,2145,0.117085153,南华丰淳混合C
5300,万家成长优选混合C,0.3755,1487,0.081168122,0.6777,795,0.043395197,0.9758,1137,0.062063319,0.5711,442,0.024126638,0.8351,119,0.006495633,万家成长优选混合C
5304,嘉实医药健康股票C,0.2418,2649,0.14459607,0.2705,4124,0.22510917,0.625,3271,0.178548035,0.4286,1164,0.063537118,0.2998,3299,0.180076419,嘉实医药健康股票C
5312,万家经济新动能混合C,0.4562,1068,0.058296943,0.4908,1606,0.087663755,1.3415,278,0.015174672,0.295,2791,0.152347162,0.3316,2767,0.151037118,万家经济新动能混合C
5374,中加紫金灵活配置混合C,0.4292,1190,0.064956332,0.4323,2046,0.111681223,0.6788,2785,0.152019651,0.2771,3122,0.170414847,0.2646,3946,0.215393013,中加紫金灵活配置混合C
5391,工银创业板ETF联接C,0.3944,1373,0.074945415,0.5823,1126,0.061462882,1.0215,946,0.051637555,0.4277,1172,0.063973799,0.5037,938,0.051200873,工银创业板ETF联接C
5473,富国价值驱动灵活配置混合C,0.3132,1951,0.106495633,0.3881,2428,0.132532751,0.5878,3666,0.20010917,0.36,1786,0.097489083,0.2302,4856,0.265065502,富国价值驱动灵活配置混合C
5491,兴全合宜混合(LOF)C,0.4476,1112,0.06069869,0.4703,1744,0.095196507,0.7759,2109,0.115120087,0.2931,2829,0.154421397,0.2998,3299,0.180076419,兴全合宜混合(LOF)C
5496,创金合信科技成长股票C,0.3192,1900,0.10371179,0.2571,4388,0.239519651,0.7541,2249,0.122762009,0.1996,5141,0.280622271,0.3459,2542,0.138755459,创金合信科技成长股票C
5542,前海开源盛鑫混合C,0.4666,1016,0.055458515,0.5904,1086,0.059279476,0.6613,2929,0.159879913,0.1785,5888,0.32139738,0.3922,1905,0.103984716,前海开源盛鑫混合C
5551,汇安成长优选混合C,0.7285,378,0.020633188,1.5288,28,0.001528384,2.0521,22,0.001200873,0.7401,172,0.009388646,0.8285,123,0.006713974,汇安成长优选混合C
5608,华宝中证500增强C,0.2217,2919,0.159334061,0.2931,3718,0.202947598,0.5735,3870,0.211244541,0.2058,4943,0.26981441,0.2213,5105,0.278657205,华宝中证500增强C
5627,富国中证高端制造指数增强型(LOF)C,0.3227,1859,0.101473799,0.5154,1467,0.080076419,0.7795,2085,0.113810044,0.3189,2405,0.131277293,0.3509,2470,0.134825328,富国中证高端制造指数增强型(LOF)C
5636,博时量化多策略股票C,0.3208,1882,0.102729258,0.2835,3894,0.212554585,0.6206,3309,0.180622271,0.2792,3082,0.168231441,0.2934,3430,0.187227074,博时量化多策略股票C
5661,嘉实资源精选股票C,0.4821,954,0.052074236,0.4944,1575,0.085971616,0.5203,4556,0.248689956,0.347,1942,0.106004367,0.3294,2790,0.152292576,嘉实资源精选股票C
5727,嘉实中创400ETF联接C,0.2887,2152,0.117467249,0.3008,3595,0.196233624,0.7005,2606,0.142248908,0.1833,5697,0.310971616,0.2556,4169,0.227565502,嘉实中创400ETF联接C
5744,长安裕隆混合C,0.1764,3621,0.197652838,0.4473,1913,0.104421397,0.8736,1567,0.085534934,0.2814,3044,0.166157205,0.4055,1755,0.095796943,长安裕隆混合C
5763,中欧电子信息产业沪港深股票C,0.6436,523,0.028548035,0.3942,2371,0.129421397,1.0331,901,0.049181223,0.3277,2244,0.122489083,0.4028,1782,0.097270742,中欧电子信息产业沪港深股票C
5765,中欧明睿新常态混合C,0.1752,3651,0.199290393,0.654,862,0.047052402,0.7948,2007,0.109552402,0.4809,813,0.044377729,0.6084,486,0.026528384,中欧明睿新常态混合C
5776,中加转型动力混合C,0.7845,303,0.016539301,0.7862,490,0.026746725,0.9358,1288,0.070305677,0.5604,475,0.025927948,0.7392,215,0.011735808,中加转型动力混合C
5787,中欧新趋势混合C,0.2477,2553,0.139355895,0.3953,2357,0.128657205,0.5669,3950,0.215611354,0.3878,1502,0.0819869,0.428,1521,0.083024017,中欧新趋势混合C
5795,博时中证500指数增强C,0.2925,2121,0.115775109,0.3442,2971,0.162172489,0.6016,3484,0.190174672,0.2304,4174,0.227838428,0.2603,4046,0.220851528,博时中证500指数增强C
5874,建信创业板ETF联接C,0.3551,1633,0.089137555,0.5239,1420,0.077510917,0.9397,1281,0.069923581,0.426,1188,0.064847162,0.5053,928,0.050655022,建信创业板ETF联接C
5885,金鹰信息产业股票C,0.3754,1488,0.081222707,0.4932,1587,0.086626638,0.9551,1235,0.067412664,0.3956,1437,0.078438865,0.5434,729,0.039792576,金鹰信息产业股票C
5919,天弘中证500ETF联接C,0.2599,2439,0.133133188,0.2771,4009,0.218831878,0.5777,3811,0.208024017,0.2064,4927,0.268941048,0.2559,4155,0.22680131,天弘中证500ETF联接C
5959,财通新视野灵活配置混合C,0.841,257,0.014028384,0.9246,265,0.014465066,1.3321,292,0.015938865,0.6793,219,0.011954148,0.4785,1071,0.058460699,财通新视野灵活配置混合C
5961,博时量化价值股票C,0.3773,1477,0.080622271,0.3526,2846,0.155349345,0.5943,3579,0.195360262,0.2479,3732,0.20371179,0.252,4281,0.233679039,博时量化价值股票C
5963,宝盈人工智能股票C,0.6048,617,0.033679039,0.9181,274,0.014956332,1.2671,389,0.021233624,0.4749,845,0.046124454,0.5237,806,0.043995633,宝盈人工智能股票C
6003,工银医药健康股票C,0.3499,1678,0.091593886,0.2998,3614,0.197270742,0.8282,1826,0.099672489,0.4817,808,0.044104803,0.2741,3795,0.207150655,工银医药健康股票C
6031,南方昌元可转债债券C,0.1846,3483,0.190120087,0.2542,4446,0.24268559,0.56,4042,0.220633188,0.2301,4184,0.228384279,0.2779,3714,0.202729258,南方昌元可转债债券C
6080,海富通电子传媒股票C,0.2887,2152,0.117467249,0.6709,825,0.045032751,1.2412,423,0.02308952,0.8066,124,0.006768559,0.8715,98,0.005349345,海富通电子传媒股票C
6087,华泰柏瑞中证500ETF联接C,0.3427,1727,0.094268559,0.3421,2999,0.163700873,0.6368,3154,0.172161572,0.2089,4835,0.263919214,0.2556,4169,0.227565502,华泰柏瑞中证500ETF联接C
6101,平安优势产业混合C,0.315,1928,0.105240175,0.4442,1941,0.105949782,0.9706,1164,0.063537118,0.4726,859,0.046888646,0.5176,833,0.045469432,平安优势产业混合C
6104,华泰柏瑞量化智慧混合C,0.4147,1259,0.068722707,0.4317,2055,0.112172489,0.6838,2738,0.149454148,0.2673,3315,0.180949782,0.2832,3623,0.197762009,华泰柏瑞量化智慧混合C
6127,华宝香港中小C,0.3422,1729,0.094377729,0.3487,2897,0.158133188,0.5754,3850,0.210152838,0.2229,4394,0.239847162,0.1971,6068,0.331222707,华宝香港中小C
6161,博道启航混合C,0.3618,1588,0.086681223,0.4384,1990,0.108624454,0.6038,3456,0.188646288,0.219,4511,0.246233624,0.2007,5942,0.324344978,博道启航混合C
6166,建信中证1000指数增强C,0.302,2039,0.111299127,0.3404,3021,0.164901747,0.7616,2194,0.119759825,0.244,3814,0.208187773,0.2572,4109,0.224290393,建信中证1000指数增强C
6215,平安500ETF联接C,0.2604,2434,0.132860262,0.2809,3933,0.214683406,0.563,4000,0.218340611,0.2139,4664,0.254585153,0.2568,4123,0.225054585,平安500ETF联接C
6229,中欧医疗创新股票C,0.1373,4393,0.239792576,0.2584,4360,0.237991266,0.9055,1403,0.076582969,0.4489,1007,0.054967249,0.281,3661,0.199836245,中欧医疗创新股票C
6234,万家汽车新趋势混合C,0.3713,1519,0.082914847,0.5956,1057,0.057696507,0.9707,1162,0.063427948,0.5861,401,0.021888646,0.844,108,0.005895197,万家汽车新趋势混合C
6249,华夏创业板ETF联接C,0.3576,1617,0.088264192,0.5388,1354,0.073908297,0.9745,1144,0.062445415,0.43,1151,0.062827511,0.5075,912,0.049781659,华夏创业板ETF联接C
6263,易方达香港小型股指数C,0.3009,2052,0.112008734,0.306,3507,0.191430131,0.6614,2927,0.159770742,0.2361,4015,0.219159389,0.1973,6064,0.331004367,易方达香港小型股指数C
6269,永赢智能领先混合C,0.3633,1580,0.086244541,0.6214,964,0.052620087,0.9888,1074,0.058624454,0.6369,308,0.016812227,0.7273,228,0.012445415,永赢智能领先混合C
6315,国联策略优选混合C,0.22,2941,0.160534934,0.3875,2438,0.133078603,0.745,2315,0.126364629,0.3852,1531,0.083569869,0.2987,3328,0.181659389,国联策略优选混合C
6372,长安鑫盈混合C,0.137,4404,0.240393013,0.3938,2374,0.129585153,0.8363,1783,0.097325328,0.2681,3296,0.179912664,0.402,1793,0.097871179,长安鑫盈混合C
6382,华夏中证500ETF联接C,0.2416,2652,0.144759825,0.2691,4151,0.226582969,0.5745,3859,0.210644105,0.2042,4992,0.272489083,0.2547,4199,0.229203057,华夏中证500ETF联接C
6433,平安鑫利混合C,0.5545,726,0.039628821,0.5724,1171,0.063919214,0.9133,1373,0.074945415,0.5434,539,0.029421397,0.28,3677,0.200709607,平安鑫利混合C
6441,中信建投中证500增强C,0.2462,2575,0.140556769,0.2873,3822,0.208624454,0.5816,3754,0.204912664,0.19,5469,0.298526201,0.2048,5745,0.313591703,中信建投中证500增强C
6503,财通集成电路产业股票C,0.9767,174,0.009497817,1.4913,32,0.001746725,1.8596,27,0.001473799,1.0478,33,0.00180131,1.106,12,0.000655022,财通集成电路产业股票C
6523,财通新兴蓝筹混合C,0.5893,646,0.035262009,1.0987,138,0.007532751,1.3748,242,0.013209607,0.7191,182,0.009934498,0.6005,516,0.028165939,财通新兴蓝筹混合C
6556,海富通研究精选混合C,0.1635,3854,0.210371179,0.4055,2281,0.124508734,0.6415,3111,0.16981441,0.3648,1724,0.094104803,0.3797,2040,0.111353712,海富通研究精选混合C
6594,博道中证500增强C,0.3078,1997,0.10900655,0.4146,2190,0.119541485,0.6678,2881,0.157259825,0.2489,3713,0.202674672,0.2623,4002,0.218449782,博道中证500增强C
6616,工银战略新兴产业混合C,0.4786,969,0.052893013,0.783,495,0.027019651,0.9665,1179,0.064355895,0.5533,497,0.027128821,0.63,430,0.023471616,工银战略新兴产业混合C
6649,汇安多因子混合C,0.3875,1409,0.07691048,0.4404,1974,0.107751092,0.6901,2688,0.146724891,0.2664,3328,0.181659389,0.2589,4072,0.222270742,汇安多因子混合C
6657,方正富邦中证500ETF联接C,0.2199,2945,0.160753275,0.2534,4462,0.243558952,0.5489,4199,0.229203057,0.1942,5337,0.291320961,0.243,4531,0.247325328,方正富邦中证500ETF联接C
6688,方正富邦深证100ETF联接C,0.1861,3464,0.189082969,0.283,3899,0.212827511,0.54,4328,0.236244541,0.2393,3935,0.214792576,0.2979,3342,0.182423581,方正富邦深证100ETF联接C
6730,万家中证500指数增强C,0.2423,2640,0.144104803,0.2691,4151,0.226582969,0.5987,3520,0.192139738,0.2289,4219,0.23029476,0.2459,4466,0.243777293,万家中证500指数增强C
6733,博时创业板ETF联接C,0.3544,1642,0.089628821,0.5302,1393,0.076037118,0.9599,1214,0.066266376,0.4305,1142,0.062336245,0.5063,919,0.050163755,博时创业板ETF联接C
6802,前海联合科技先锋混合C,0.2323,2758,0.150545852,0.3274,3205,0.174945415,0.6288,3231,0.176364629,0.2379,3976,0.217030568,0.3189,2943,0.160644105,前海联合科技先锋混合C
6888,诺德新生活混合C,1.0074,163,0.00889738,0.9315,260,0.01419214,1.826,30,0.001637555,1.039,36,0.001965066,1.0222,28,0.001528384,诺德新生活混合C
6905,泰康产业升级混合C,0.4567,1067,0.058242358,0.4832,1653,0.090229258,0.7812,2074,0.113209607,0.3504,1900,0.10371179,0.4284,1514,0.082641921,泰康产业升级混合C
6910,华夏战略新兴成指ETF联接C,0.2388,2685,0.146561135,0.5407,1343,0.07330786,0.9646,1188,0.064847162,0.482,807,0.044050218,0.5212,820,0.044759825,华夏战略新兴成指ETF联接C
6924,前海开源沪港深非周期股票C,0.4971,901,0.049181223,0.5577,1245,0.067958515,0.8182,1880,0.102620087,0.2839,2998,0.163646288,0.4022,1791,0.097762009,前海开源沪港深非周期股票C
6928,长城创业板指数增强C,0.1564,3969,0.216648472,0.5029,1527,0.083351528,1.0086,996,0.054366812,0.4519,991,0.054093886,0.5371,757,0.041320961,长城创业板指数增强C
6938,鹏华中证500指数(LOF)C,0.2736,2290,0.125,0.2986,3635,0.198417031,0.5991,3514,0.191812227,0.2103,4777,0.260753275,0.2569,4120,0.22489083,鹏华中证500指数(LOF)C
7029,易方达中证500ETF联接发起式C,0.2671,2351,0.128329694,0.2775,4001,0.218395197,0.577,3826,0.208842795,0.2084,4850,0.264737991,0.2559,4155,0.22680131,易方达中证500ETF联接发起式C
7067,浦银安盛先进制造混合C,0.5832,662,0.036135371,0.5131,1477,0.080622271,0.7083,2556,0.139519651,0.2915,2854,0.155786026,0.3926,1897,0.103548035,浦银安盛先进制造混合C
7089,国投瑞银中证500指数量化增强C,0.2448,2597,0.141757642,0.3273,3209,0.175163755,0.573,3875,0.211517467,0.1928,5388,0.294104803,0.2186,5205,0.284115721,国投瑞银中证500指数量化增强C
7114,永赢高端制造混合C,0.703,413,0.022543668,1.136,124,0.006768559,1.6487,80,0.004366812,0.8637,93,0.005076419,0.9935,37,0.002019651,永赢高端制造混合C
7127,博道远航混合C,0.2814,2221,0.121233624,0.4181,2152,0.117467249,0.5952,3569,0.19481441,0.2496,3692,0.201528384,0.24,4615,0.25191048,博道远航混合C
7183,万家沪港深蓝筹混合C,0.2688,2337,0.127565502,0.3693,2629,0.143504367,0.6678,2881,0.157259825,0.3155,2451,0.13378821,0.2766,3737,0.203984716,万家沪港深蓝筹混合C
7223,工银中证500ETF联接C,0.2577,2456,0.134061135,0.2872,3825,0.20878821,0.5969,3543,0.193395197,0.2066,4921,0.268613537,0.2552,4185,0.228438865,工银中证500ETF联接C
7301,国联安中证半导体ETF联接C,0.6372,539,0.029421397,0.7306,631,0.034443231,1.2243,448,0.024454148,0.348,1924,0.105021834,0.443,1357,0.074072052,国联安中证半导体ETF联接C
7356,汇添富科技创新混合C,0.8243,271,0.014792576,0.97,220,0.012008734,1.3708,248,0.013537118,0.6113,345,0.018831878,0.6334,414,0.022598253,汇添富科技创新混合C
7413,长城中证500指数增强C,0.4136,1266,0.069104803,0.3629,2714,0.148144105,0.6528,3006,0.164082969,0.252,3636,0.198471616,0.2818,3650,0.199235808,长城中证500指数增强C
7450,兴全多维价值混合C,0.4139,1263,0.068941048,0.4738,1716,0.093668122,0.8259,1836,0.100218341,0.3296,2212,0.120742358,0.3498,2483,0.135534934,兴全多维价值混合C
7465,交银创业板50指数C,0.427,1203,0.065665939,0.6835,776,0.042358079,1.0862,714,0.038973799,0.5137,637,0.034770742,0.595,533,0.029093886,交银创业板50指数C
7469,中信建投精选混合C,0.4241,1221,0.066648472,0.349,2894,0.157969432,0.5821,3744,0.204366812,0.1945,5329,0.290884279,0.2044,5764,0.314628821,中信建投精选混合C
7473,华夏创业板价值ETF联接C,0.2954,2097,0.114465066,0.2889,3797,0.207259825,0.6232,3292,0.179694323,0.2015,5078,0.277183406,0.2893,3518,0.192030568,华夏创业板价值ETF联接C
7491,南方信息创新混合C,0.4354,1161,0.063373362,0.5975,1049,0.057259825,1.0838,722,0.03941048,0.3336,2155,0.117631004,0.3179,2960,0.161572052,南方信息创新混合C
7501,万家科创主题灵活配置混合(LOF)C,0.2377,2696,0.147161572,0.5829,1120,0.061135371,0.8027,1969,0.107478166,0.3627,1749,0.095469432,0.435,1444,0.078820961,万家科创主题灵活配置混合(LOF)C
7509,华商润丰灵活配置混合C,1.5965,15,0.000818777,1.4022,56,0.003056769,1.7242,54,0.002947598,0.6384,306,0.016703057,0.6207,461,0.025163755,华商润丰灵活配置混合C
7519,东方阿尔法优选混合C,0.1544,4005,0.218613537,0.7334,621,0.03389738,1.2616,393,0.021451965,0.2871,2935,0.160207424,0.5104,893,0.048744541,东方阿尔法优选混合C
7550,东兴未来价值混合C,0.5724,683,0.037281659,0.6361,914,0.04989083,0.8683,1600,0.087336245,0.2767,3130,0.170851528,0.227,4940,0.269650655,东兴未来价值混合C
7658,东方红中证竞争力指数C,0.2466,2566,0.140065502,0.3432,2983,0.162827511,0.5491,4191,0.228766376,0.2699,3260,0.177947598,0.2643,3953,0.215775109,东方红中证竞争力指数C
7665,永赢创业板指数发起式C,0.3923,1387,0.075709607,0.5583,1240,0.06768559,0.9927,1059,0.057805677,0.4401,1066,0.058187773,0.5154,845,0.046124454,永赢创业板指数发起式C
7732,民生加银持续成长混合C,0.3235,1854,0.101200873,0.402,2306,0.125873362,0.7405,2340,0.127729258,0.2005,5109,0.278875546,0.349,2497,0.136299127,民生加银持续成长混合C
7794,申万菱信中证500指数优选增强C,0.1827,3503,0.19121179,0.2788,3981,0.217303493,0.5373,4359,0.237936681,0.2104,4769,0.260316594,0.2314,4824,0.263318777,申万菱信中证500指数优选增强C
7816,嘉实新兴科技100ETF联接C,0.7063,409,0.022325328,0.4883,1620,0.088427948,0.8897,1483,0.080949782,0.4089,1334,0.072816594,0.4516,1270,0.069323144,嘉实新兴科技100ETF联接C
7818,国泰中证全指通信设备ETF联接C,2.0772,5,0.000272926,1.3569,71,0.003875546,1.5073,159,0.008679039,0.9805,63,0.003438865,0.9343,65,0.003548035,国泰中证全指通信设备ETF联接C
7827,华润元大量化优选混合C,0.5068,867,0.047325328,0.4053,2283,0.124617904,0.5883,3661,0.199836245,0.3168,2434,0.132860262,0.2903,3501,0.19110262,华润元大量化优选混合C
7832,博道伍佰智航股票C,0.4413,1140,0.062227074,0.5009,1538,0.083951965,0.7577,2218,0.121069869,0.2702,3252,0.177510917,0.2419,4550,0.248362445,博道伍佰智航股票C
7863,长信利泰灵活配置混合C,0.1443,4235,0.231168122,0.4202,2136,0.116593886,0.8766,1554,0.084825328,0.3571,1814,0.099017467,0.3498,2483,0.135534934,长信利泰灵活配置混合C
7874,华宝科技ETF联接C,0.7346,374,0.020414847,0.6242,956,0.052183406,1.024,936,0.051091703,0.4702,874,0.047707424,0.5075,912,0.049781659,华宝科技ETF联接C
7886,国联中证500ETF联接C,0.235,2723,0.148635371,0.2581,4369,0.238482533,0.5392,4339,0.236844978,0.1933,5367,0.292958515,0.2396,4630,0.252729258,国联中证500ETF联接C
7950,招商量化精选股票C,0.722,384,0.020960699,0.5669,1200,0.065502183,0.7462,2306,0.125873362,0.2213,4446,0.24268559,0.2603,4046,0.220851528,招商量化精选股票C
7984,申万菱信中证研发创新100ETF联接C,0.3414,1735,0.09470524,0.3388,3049,0.166430131,0.7358,2375,0.129639738,0.3071,2577,0.140665939,0.3429,2591,0.141430131,申万菱信中证研发创新100ETF联接C
8001,鹏华中证500ETF联接C,0.29,2136,0.116593886,0.2901,3776,0.206113537,0.5921,3612,0.197161572,0.2074,4885,0.266648472,0.2529,4255,0.232259825,鹏华中证500ETF联接C
8021,华富中证人工智能产业ETF联接C,1.3116,46,0.002510917,0.9745,214,0.011681223,1.4301,210,0.011462882,0.5968,381,0.020796943,0.712,254,0.013864629,华富中证人工智能产业ETF联接C
8084,海富通先进制造股票C,0.1358,4437,0.242194323,0.5441,1318,0.071943231,1.1203,615,0.033569869,0.4544,976,0.053275109,0.5209,823,0.044923581,海富通先进制造股票C
8087,华夏中证5G通信主题ETF联接C,1.559,19,0.001037118,1.1976,111,0.006058952,1.3523,268,0.014628821,0.8232,106,0.005786026,0.8808,86,0.004694323,华夏中证5G通信主题ETF联接C
8121,万家自主创新混合C,0.2447,2600,0.141921397,0.253,4474,0.244213974,1.2057,474,0.025873362,0.2142,4650,0.253820961,0.3104,3102,0.169323144,万家自主创新混合C
8137,九泰天奕量化价值混合C,0.3727,1506,0.08220524,0.5877,1096,0.059825328,0.7662,2163,0.118067686,0.3786,1594,0.087008734,0.4865,1036,0.056550218,九泰天奕量化价值混合C
8182,方正富邦信泓混合C,0.3257,1839,0.100382096,0.7186,669,0.036517467,1.1299,593,0.032368996,0.3406,2043,0.111517467,0.608,488,0.026637555,方正富邦信泓混合C
8187,淳厚信睿混合C,0.8449,254,0.013864629,0.9016,289,0.015775109,1.0099,988,0.053930131,0.5221,599,0.032696507,0.4684,1125,0.061408297,淳厚信睿混合C
8212,华夏新机遇混合C,0.3335,1782,0.097270742,0.4287,2082,0.113646288,0.6014,3487,0.190338428,0.2464,3762,0.205349345,0.2268,4945,0.269923581,华夏新机遇混合C
8259,中银证券中证500ETF联接C,0.2333,2745,0.149836245,0.2627,4283,0.23378821,0.5638,3989,0.217740175,0.1986,5177,0.282587336,0.2479,4406,0.240502183,中银证券中证500ETF联接C
8262,招商研究优选股票C,0.6739,463,0.025272926,0.7725,515,0.028111354,0.6562,2977,0.1625,0.4585,949,0.05180131,0.4139,1661,0.090665939,招商研究优选股票C
8265,南方ESG股票C,0.164,3845,0.209879913,0.5302,1393,0.076037118,0.6083,3415,0.186408297,0.3863,1517,0.082805677,0.33,2783,0.15191048,南方ESG股票C
8282,国泰CES半导体芯片行业ETF联接C,0.6217,582,0.031768559,0.7184,671,0.036626638,1.1989,487,0.026582969,0.3553,1840,0.100436681,0.4592,1196,0.065283843,国泰CES半导体芯片行业ETF联接C
8315,摩根慧选成长股票C,0.3503,1676,0.091484716,0.5383,1357,0.074072052,0.7214,2478,0.135262009,0.3748,1636,0.08930131,0.4859,1038,0.056659389,摩根慧选成长股票C
8319,博道久航混合C,0.4201,1243,0.067849345,0.5345,1374,0.075,0.7465,2304,0.125764192,0.2748,3167,0.172871179,0.2461,4460,0.243449782,博道久航混合C
8327,东财通信C,1.925,9,0.000491266,1.3397,76,0.004148472,1.5133,154,0.008406114,0.8737,91,0.004967249,0.8615,100,0.005458515,东财通信C
8348,中信建投甄选混合C,0.4368,1157,0.063155022,0.3803,2511,0.137063319,0.5946,3576,0.195196507,0.1986,5177,0.282587336,0.2232,5048,0.275545852,中信建投甄选混合C
8397,博时中证500ETF联接C,0.2852,2183,0.119159389,0.2936,3713,0.202674672,0.585,3710,0.202510917,0.2072,4892,0.267030568,0.2532,4246,0.231768559,博时中证500ETF联接C
8400,华泰柏瑞中证科技ETF联接C,0.6692,474,0.025873362,0.5767,1155,0.063045852,0.8325,1805,0.098526201,0.3916,1471,0.08029476,0.438,1401,0.076473799,华泰柏瑞中证科技ETF联接C
8419,惠升惠泽混合C,0.2218,2917,0.159224891,0.3364,3078,0.1680131,0.5405,4321,0.235862445,0.2697,3266,0.178275109,0.339,2668,0.145633188,惠升惠泽混合C
8423,国联研发创新混合C,0.3878,1407,0.07680131,0.5275,1409,0.07691048,0.8583,1645,0.089792576,0.4896,756,0.041266376,0.6846,301,0.016430131,国联研发创新混合C
8532,惠升惠民混合C,0.2732,2294,0.125218341,0.373,2593,0.141539301,0.7239,2454,0.133951965,0.2642,3372,0.184061135,0.2918,3468,0.18930131,惠升惠民混合C
8586,华夏人工智能ETF联接C,1.2143,75,0.004093886,0.8561,356,0.019432314,1.2771,369,0.020141921,0.4897,752,0.041048035,0.6027,504,0.027510917,华夏人工智能ETF联接C
8656,招商科技创新混合C,0.3703,1528,0.083406114,0.6811,785,0.042849345,1.1263,601,0.032805677,0.3867,1508,0.08231441,0.428,1521,0.083024017,招商科技创新混合C
8750,富国中证科技50策略ETF联接C,0.647,513,0.028002183,0.5338,1378,0.075218341,0.8807,1536,0.083842795,0.316,2447,0.133569869,0.3982,1834,0.10010917,富国中证科技50策略ETF联接C
8794,博道嘉元混合C,0.1804,3536,0.1930131,0.3815,2498,0.136353712,0.5894,3645,0.198962882,0.3309,2194,0.119759825,0.291,3480,0.189956332,博道嘉元混合C
8888,华夏国证半导体芯片ETF联接C,0.6474,510,0.027838428,0.7801,497,0.027128821,1.2444,417,0.022762009,0.3737,1645,0.089792576,0.471,1105,0.060316594,华夏国证半导体芯片ETF联接C
8892,安信价值成长混合C,0.3734,1501,0.081932314,0.4414,1962,0.10709607,0.6786,2789,0.152237991,0.2979,2739,0.149508734,0.289,3526,0.192467249,安信价值成长混合C
8920,永赢科技驱动C,0.4584,1060,0.057860262,0.7216,659,0.035971616,1.0586,815,0.0444869,0.4991,702,0.038318777,0.5844,576,0.031441048,永赢科技驱动C
8950,平安匠心优选混合C,0.403,1322,0.072161572,0.5651,1204,0.065720524,0.9217,1344,0.073362445,0.3412,2033,0.110971616,0.289,3526,0.192467249,平安匠心优选混合C
8963,建信科技创新混合C,0.2035,3168,0.172925764,0.4559,1847,0.100818777,0.7975,1995,0.10889738,0.3426,2005,0.109443231,0.3938,1882,0.102729258,建信科技创新混合C
8981,中邮科技创新精选混合C,0.493,918,0.05010917,0.6818,781,0.042631004,0.8945,1456,0.079475983,0.3122,2499,0.136408297,0.4022,1791,0.097762009,中邮科技创新精选混合C
8989,大成科技创新混合C,1.182,80,0.004366812,1.395,57,0.003111354,1.645,82,0.004475983,0.9414,75,0.004093886,0.9295,70,0.003820961,大成科技创新混合C
8998,同泰竞争优势混合C,0.2031,3175,0.17330786,0.5461,1306,0.07128821,0.8714,1583,0.086408297,0.1763,5969,0.325818777,0.4289,1510,0.082423581,同泰竞争优势混合C
9009,平安科技创新混合C,0.6409,532,0.029039301,0.9613,229,0.0125,1.5768,112,0.006113537,0.7548,162,0.008842795,0.7724,175,0.009552402,平安科技创新混合C
9013,平安创业板ETF联接C,0.3954,1368,0.074672489,0.5769,1154,0.062991266,0.9956,1047,0.057150655,0.436,1102,0.060152838,0.5107,891,0.048635371,平安创业板ETF联接C
9030,工银高质量成长混合C,0.2528,2500,0.136462882,0.2883,3809,0.207914847,0.5561,4099,0.223744541,0.2287,4226,0.230676856,0.2788,3699,0.20191048,工银高质量成长混合C
9047,东财创业板ETF发起式联接C,0.3973,1354,0.073908297,0.5596,1234,0.067358079,0.9832,1106,0.060371179,0.4357,1104,0.060262009,0.5122,876,0.047816594,东财创业板ETF发起式联接C
9056,圆信永丰大湾区C,0.5934,638,0.034825328,0.6884,762,0.041593886,0.9859,1091,0.059552402,0.4054,1367,0.074617904,0.5319,782,0.04268559,圆信永丰大湾区C
9063,财通智慧成长混合C,0.5577,719,0.039246725,1.4679,37,0.002019651,1.6091,96,0.005240175,1.0308,39,0.002128821,1.0907,17,0.000927948,财通智慧成长混合C
9127,嘉实基础产业优选股票C,0.3697,1537,0.08389738,0.4262,2099,0.114574236,0.5502,4166,0.227401747,0.2805,3061,0.167085153,0.236,4708,0.2569869,嘉实基础产业优选股票C
9142,宏利价值长青混合C,0.2169,2987,0.163045852,0.513,1478,0.080676856,0.6479,3047,0.166320961,0.3434,1995,0.10889738,0.3696,2190,0.119541485,宏利价值长青混合C
9170,湘财长兴灵活配置混合C,0.1813,3518,0.192030568,0.3529,2840,0.155021834,0.9477,1261,0.068831878,0.2319,4131,0.225491266,0.3346,2727,0.148853712,湘财长兴灵活配置混合C
9218,博时荣丰回报灵活配置混合C,0.431,1183,0.064574236,0.7434,602,0.032860262,1.0959,682,0.037227074,0.6876,212,0.011572052,0.679,312,0.017030568,博时荣丰回报灵活配置混合C
9239,融通人工智能指数(LOF)C,1.2271,71,0.003875546,0.8715,329,0.017958515,1.2823,365,0.019923581,0.4987,706,0.038537118,0.6069,492,0.026855895,融通人工智能指数(LOF)C
9243,中加核心智造混合C,0.7545,348,0.018995633,0.7743,511,0.027893013,1.0999,669,0.036517467,0.569,447,0.024399563,0.8431,110,0.006004367,中加核心智造混合C
9258,西部利得景瑞灵活配置混合C,0.3467,1699,0.092740175,0.6108,1001,0.054639738,0.8681,1602,0.087445415,0.2771,3122,0.170414847,0.359,2346,0.128056769,西部利得景瑞灵活配置混合C
9361,招商创新增长混合C,0.1753,3647,0.199072052,0.2791,3974,0.216921397,0.7701,2139,0.116757642,0.3469,1944,0.106113537,0.2498,4346,0.237227074,招商创新增长混合C
9472,广发深证100ETF联接C,0.1516,4055,0.221342795,0.2796,3959,0.21610262,0.5571,4085,0.222980349,0.2427,3846,0.209934498,0.2996,3306,0.180458515,广发深证100ETF联接C
9487,光大瑞和混合C,0.1971,3273,0.178657205,0.4568,1840,0.100436681,0.5723,3884,0.212008734,0.3233,2330,0.127183406,0.4112,1695,0.092521834,光大瑞和混合C
9492,宝盈创新驱动股票C,0.6951,427,0.02330786,1.0211,185,0.010098253,1.2865,356,0.019432314,0.6986,203,0.011080786,0.6454,380,0.020742358,宝盈创新驱动股票C
9597,泰康创新成长混合C,0.4291,1192,0.065065502,0.4886,1618,0.088318777,0.7801,2079,0.113482533,0.3545,1849,0.100927948,0.4425,1363,0.074399563,泰康创新成长混合C
9609,广发中证500指数增强C,0.2545,2488,0.13580786,0.3207,3294,0.179803493,0.5679,3937,0.214901747,0.2104,4769,0.260316594,0.2118,5444,0.297161572,广发中证500指数增强C
9645,东方阿尔法优势产业混合C,0.1718,3704,0.202183406,0.8356,390,0.02128821,1.1806,512,0.027947598,0.6434,296,0.016157205,0.7642,185,0.010098253,东方阿尔法优势产业混合C
9708,工银新兴制造混合C,1.2359,67,0.003657205,1.2672,87,0.004748908,1.476,186,0.010152838,0.4902,749,0.040884279,0.5511,700,0.038209607,工银新兴制造混合C
9801,长盛制造精选混合C,0.217,2984,0.162882096,0.4446,1937,0.105731441,0.713,2530,0.138100437,0.2662,3331,0.181823144,0.2697,3877,0.211626638,长盛制造精选混合C
9828,融通转型三动力灵活配置混合C,0.1515,4060,0.221615721,0.4375,1997,0.10900655,0.6794,2778,0.151637555,0.44,1068,0.058296943,0.5845,575,0.031386463,融通转型三动力灵活配置混合C
9848,圆信永丰研究精选混合C,0.1483,4142,0.226091703,0.3851,2461,0.134334061,0.653,3004,0.163973799,0.2823,3025,0.165120087,0.3738,2111,0.115229258,圆信永丰研究精选混合C
9856,中加新兴成长混合C,0.4796,963,0.052565502,0.8178,422,0.023034934,1.2442,419,0.022871179,0.6573,262,0.01430131,0.8782,90,0.004912664,中加新兴成长混合C
9870,嘉实产业先锋混合C,0.3302,1806,0.098580786,0.3727,2597,0.141757642,0.8249,1844,0.100655022,0.3195,2394,0.130676856,0.2878,3547,0.193613537,嘉实产业先锋混合C
9883,华润元大核心动力混合C,0.6363,542,0.029585153,0.9699,221,0.012063319,1.0717,770,0.042030568,0.5913,394,0.02150655,0.6078,489,0.02669214,华润元大核心动力混合C
9897,广发港股通成长精选股票C,0.2605,2429,0.132587336,0.3106,3439,0.187718341,0.5663,3961,0.21621179,0.2228,4397,0.240010917,0.2108,5473,0.298744541,广发港股通成长精选股票C
9910,嘉实动力先锋混合C,0.2878,2160,0.11790393,0.347,2926,0.159716157,0.8296,1817,0.099181223,0.325,2294,0.125218341,0.2844,3599,0.196451965,嘉实动力先锋混合C
9912,九泰天富改革混合C,0.3311,1799,0.09819869,0.3282,3196,0.174454148,0.5757,3843,0.209770742,0.2071,4897,0.267303493,0.2889,3530,0.19268559,九泰天富改革混合C
9930,南方创新驱动混合C,0.1674,3773,0.205949782,0.4303,2070,0.112991266,0.5705,3897,0.212718341,0.3423,2012,0.109825328,0.4282,1517,0.082805677,南方创新驱动混合C
9982,万家创业板指数增强C,0.3857,1421,0.077565502,0.5971,1051,0.057368996,1.0283,921,0.050272926,0.4904,748,0.040829694,0.5158,842,0.045960699,万家创业板指数增强C
9995,嘉实创新先锋混合C,0.8495,250,0.013646288,1.019,188,0.010262009,1.0972,678,0.037008734,0.2809,3050,0.166484716,0.3399,2654,0.144868996,嘉实创新先锋混合C
10004,景顺长城电子信息产业股票C,0.5858,656,0.03580786,0.4857,1635,0.089246725,1.0051,1013,0.05529476,0.2157,4611,0.25169214,0.2819,3647,0.199072052,景顺长城电子信息产业股票C
10026,广发聚瑞混合C,0.4111,1280,0.069868996,0.4082,2256,0.123144105,0.8207,1861,0.101582969,0.3232,2332,0.127292576,0.3699,2185,0.119268559,广发聚瑞混合C
10034,安信成长精选混合C,0.6174,589,0.032150655,1.2316,98,0.005349345,1.5037,164,0.008951965,0.8909,86,0.004694323,0.6501,371,0.020251092,安信成长精选混合C
10052,长城久嘉创新成长混合C,0.1942,3323,0.181386463,0.5237,1424,0.077729258,1.0793,743,0.040556769,0.2062,4934,0.269323144,0.2518,4288,0.234061135,长城久嘉创新成长混合C
10127,平安价值成长混合C,0.2751,2276,0.124235808,0.435,2021,0.110316594,0.9746,1143,0.06239083,0.4203,1237,0.067521834,0.4328,1468,0.080131004,平安价值成长混合C
10138,华泰柏瑞量化创享混合C,0.3537,1645,0.089792576,0.605,1021,0.055731441,1.025,930,0.050764192,0.4445,1027,0.056058952,0.4882,1018,0.055567686,华泰柏瑞量化创享混合C
10154,中加中证500指数增强C,0.2442,2610,0.142467249,0.3072,3487,0.190338428,0.5628,4003,0.218504367,0.1991,5163,0.281823144,0.2362,4703,0.256713974,中加中证500指数增强C
10156,长盛核心成长混合C,0.2923,2123,0.115884279,0.5315,1389,0.075818777,0.8225,1853,0.101146288,0.3027,2655,0.144923581,0.2861,3568,0.194759825,长盛核心成长混合C
10162,广发瑞安精选股票C,0.4971,901,0.049181223,0.4903,1609,0.087827511,0.8868,1497,0.081713974,0.405,1368,0.074672489,0.4349,1447,0.078984716,广发瑞安精选股票C
10203,天弘中证科技100指数增强发起C,0.6692,474,0.025873362,0.5918,1078,0.058842795,0.8467,1715,0.093613537,0.422,1221,0.066648472,0.4567,1218,0.066484716,天弘中证科技100指数增强发起C
10214,中欧互联网先锋混合C,0.6194,585,0.031932314,0.5841,1115,0.060862445,0.9546,1236,0.067467249,0.3074,2574,0.140502183,0.3268,2838,0.154912664,中欧互联网先锋混合C
10236,广发电子信息传媒股票C,0.9412,194,0.01058952,0.4809,1661,0.090665939,0.9224,1340,0.073144105,0.3991,1406,0.076746725,0.553,692,0.037772926,广发电子信息传媒股票C
10238,安信创新先锋混合发起C,0.627,564,0.030786026,1.1783,117,0.006386463,1.6816,64,0.00349345,0.7986,133,0.007259825,0.9427,57,0.003111354,安信创新先锋混合发起C
10246,华泰柏瑞量化先行混合C,0.2862,2171,0.118504367,0.3241,3245,0.177128821,0.6261,3253,0.177565502,0.2346,4065,0.221888646,0.2583,4086,0.223034934,华泰柏瑞量化先行混合C
10304,华泰柏瑞量化创盈混合C,0.2649,2370,0.129366812,0.5195,1445,0.078875546,0.9237,1334,0.072816594,0.3929,1460,0.079694323,0.4412,1371,0.074836245,华泰柏瑞量化创盈混合C
10349,诺安低碳经济股票C,0.4686,1013,0.05529476,0.3599,2760,0.150655022,0.5298,4442,0.242467249,0.2179,4538,0.247707424,0.2494,4355,0.237718341,诺安低碳经济股票C
10356,诺安创业板指数增强(LOF)C,0.3144,1933,0.1055131,0.4971,1560,0.085152838,0.9565,1228,0.067030568,0.4398,1071,0.058460699,0.5123,875,0.047762009,诺安创业板指数增强(LOF)C
10372,大成成长进取混合C,0.5886,648,0.035371179,0.658,853,0.046561135,1.046,854,0.046615721,0.2722,3219,0.175709607,0.4037,1773,0.096779476,大成成长进取混合C
10378,广发价值核心混合C,0.654,500,0.027292576,0.8393,386,0.021069869,1.0685,780,0.042576419,0.2576,3506,0.191375546,0.205,5733,0.312936681,广发价值核心混合C
10384,宝盈基础产业混合C,0.7776,310,0.016921397,0.6698,828,0.045196507,1.1421,572,0.031222707,0.3224,2348,0.128165939,0.3568,2377,0.129748908,宝盈基础产业混合C
10388,易方达医药生物股票C,0.8554,248,0.013537118,0.5687,1194,0.065174672,0.5953,3566,0.194650655,0.4704,872,0.047598253,0.2074,5625,0.307041485,易方达医药生物股票C
10392,易方达战略新兴产业股票C,1.1444,90,0.004912664,1.364,70,0.003820961,1.5835,109,0.005949782,0.8128,117,0.006386463,0.8741,95,0.00518559,易方达战略新兴产业股票C
10394,工银健康生活混合C,0.3151,1926,0.105131004,0.2862,3845,0.209879913,0.8151,1899,0.103657205,0.4746,848,0.04628821,0.2699,3873,0.211408297,工银健康生活混合C
10416,华泰柏瑞质量精选混合C,0.6854,447,0.024399563,0.9421,249,0.013591703,1.4991,169,0.009224891,1.072,25,0.001364629,0.9652,46,0.002510917,华泰柏瑞质量精选混合C
10422,海富通消费优选混合C,0.6092,604,0.032969432,0.8273,408,0.022270742,1.3118,321,0.017521834,0.525,594,0.032423581,0.3882,1940,0.105895197,海富通消费优选混合C
10428,兴银策略智选混合C,0.2442,2610,0.142467249,0.5287,1399,0.076364629,0.8982,1428,0.077947598,0.2764,3137,0.171233624,0.3771,2070,0.112991266,兴银策略智选混合C
10448,中邮未来成长混合C,0.8037,286,0.015611354,0.4122,2211,0.120687773,0.6844,2729,0.148962882,0.198,5201,0.28389738,0.2488,4378,0.238973799,中邮未来成长混合C
10453,广发瑞福精选混合C,0.2603,2435,0.132914847,0.3635,2705,0.147652838,0.5991,3514,0.191812227,0.1961,5270,0.287663755,0.2405,4600,0.251091703,广发瑞福精选混合C
10456,博时产业精选混合C,0.2224,2907,0.158679039,0.2583,4363,0.238155022,0.5435,4272,0.233187773,0.3701,1674,0.091375546,0.4929,989,0.053984716,博时产业精选混合C
10491,鹏华高质量增长混合C,0.3145,1931,0.10540393,0.5693,1189,0.064901747,1.1832,506,0.027620087,0.3953,1440,0.07860262,0.3935,1886,0.102947598,鹏华高质量增长混合C
10500,中银创新医疗混合C,1.0471,132,0.00720524,0.7659,532,0.029039301,0.9784,1129,0.061626638,0.6423,298,0.016266376,0.2399,4619,0.252128821,中银创新医疗混合C
10505,申万菱信创业板量化精选股票C,0.4364,1158,0.063209607,0.671,823,0.044923581,1.0586,815,0.0444869,0.3645,1728,0.094323144,0.3872,1954,0.106659389,申万菱信创业板量化精选股票C
10524,银华中证5G通信主题ETF联接C,1.5375,21,0.001146288,1.1775,118,0.006441048,1.3288,296,0.016157205,0.8088,122,0.006659389,0.8721,97,0.00529476,银华中证5G通信主题ETF联接C
10531,申万中证申万电子行业投资指数(LOF)C,1.027,145,0.007914847,1.0094,195,0.010644105,1.2697,384,0.020960699,0.5261,591,0.032259825,0.6081,487,0.026582969,申万中证申万电子行业投资指数(LOF)C
10563,永赢成长领航混合C,0.3451,1711,0.093395197,0.6697,829,0.045251092,1.0524,836,0.045633188,0.5529,498,0.027183406,0.6515,367,0.020032751,永赢成长领航混合C
10593,南方医药创新股票C,0.5235,806,0.043995633,0.441,1967,0.107368996,0.6829,2745,0.149836245,0.41,1327,0.072434498,0.2011,5923,0.32330786,南方医药创新股票C
10647,融通价值趋势混合C,0.6396,534,0.029148472,1.3909,58,0.003165939,1.221,452,0.024672489,0.7013,201,0.010971616,0.6976,277,0.015120087,融通价值趋势混合C
10655,天弘医药创新C,0.5581,717,0.039137555,0.4243,2112,0.115283843,0.8874,1495,0.081604803,0.4086,1336,0.072925764,0.4088,1724,0.094104803,天弘医药创新C
10677,工银传媒指数C,0.9317,202,0.011026201,0.3572,2794,0.152510917,0.7556,2232,0.121834061,0.2196,4491,0.245141921,0.2539,4220,0.230349345,工银传媒指数C
10681,华夏新兴成长股票C,0.133,4505,0.245906114,0.4192,2147,0.117194323,0.6009,3497,0.190884279,0.2532,3611,0.197106987,0.3166,2976,0.162445415,华夏新兴成长股票C
10710,安信医药健康股票C,0.4478,1109,0.060534934,0.4237,2116,0.115502183,0.9515,1251,0.068286026,0.6227,332,0.018122271,0.2592,4065,0.221888646,安信医药健康股票C
10737,易方达沪深300指数增强C,0.4276,1201,0.065556769,0.4421,1955,0.106713974,0.541,4316,0.23558952,0.2834,3009,0.164246725,0.318,2958,0.161462882,易方达沪深300指数增强C
10772,天弘国证消费100指数增强发起C,0.261,2423,0.132259825,0.3245,3241,0.17691048,0.6159,3349,0.182805677,0.2939,2813,0.153548035,0.3524,2443,0.133351528,天弘国证消费100指数增强发起C
10786,博时创业板指数C,0.3548,1637,0.089355895,0.5412,1339,0.07308952,0.9979,1037,0.056604803,0.4317,1137,0.062063319,0.5102,895,0.048853712,博时创业板指数C
10791,海富通均衡甄选混合C,0.1977,3262,0.178056769,0.3845,2466,0.134606987,0.5744,3862,0.21080786,0.3832,1549,0.084552402,0.4476,1317,0.071888646,海富通均衡甄选混合C
10812,中银战略新兴产业股票C,0.2338,2741,0.149617904,0.5232,1426,0.077838428,0.6931,2662,0.145305677,0.3533,1863,0.10169214,0.3649,2259,0.12330786,中银战略新兴产业股票C
10827,大成产业趋势混合C,0.4254,1209,0.06599345,0.4651,1780,0.097161572,0.5639,3988,0.21768559,0.3401,2048,0.111790393,0.2742,3789,0.206823144,大成产业趋势混合C
10842,华宝科技先锋混合C,0.4556,1073,0.058569869,0.6139,993,0.054203057,0.8256,1838,0.100327511,0.2467,3756,0.205021834,0.3658,2248,0.122707424,华宝科技先锋混合C
10853,中欧内需成长混合C,0.3511,1670,0.091157205,0.6912,752,0.041048035,0.9711,1160,0.063318777,0.2759,3146,0.171724891,0.4218,1586,0.086572052,中欧内需成长混合C
10865,泓德卓远混合C,0.2848,2195,0.11981441,0.3342,3110,0.169759825,0.5818,3749,0.204639738,0.2901,2880,0.15720524,0.3931,1890,0.103165939,泓德卓远混合C
10886,长盛优势企业精选混合C,0.1366,4416,0.241048035,0.3436,2979,0.16260917,0.5508,4157,0.22691048,0.2219,4423,0.241430131,0.2407,4594,0.250764192,长盛优势企业精选混合C
10926,兴银科技增长1个月滚动混合C,0.617,590,0.03220524,0.6288,943,0.051473799,1.0117,981,0.053548035,0.3056,2593,0.141539301,0.4126,1678,0.091593886,兴银科技增长1个月滚动混合C
10937,交银均衡成长一年混合C,0.14,4320,0.23580786,0.3446,2966,0.161899563,0.8031,1963,0.107150655,0.331,2193,0.11970524,0.306,3174,0.173253275,交银均衡成长一年混合C
10956,天弘中证智能汽车指数发起式C,0.5082,857,0.046779476,0.4493,1898,0.10360262,0.7278,2430,0.132641921,0.1917,5409,0.295251092,0.342,2607,0.142303493,天弘中证智能汽车指数发起式C
10962,中银鑫新消费成长混合C,0.3231,1858,0.101419214,0.2984,3641,0.198744541,0.7977,1992,0.108733624,0.285,2977,0.1625,0.3039,3209,0.175163755,中银鑫新消费成长混合C
10993,东财中证500C,0.283,2215,0.120906114,0.2795,3963,0.216320961,0.5613,4024,0.219650655,0.1997,5138,0.280458515,0.2521,4277,0.233460699,东财中证500C
11020,财通资管消费精选混合C,0.164,3845,0.209879913,0.642,891,0.048635371,1.1454,565,0.030840611,0.4988,705,0.038482533,0.3692,2200,0.120087336,财通资管消费精选混合C
11036,嘉实中证稀土产业ETF联接C,0.3391,1749,0.095469432,0.6069,1016,0.055458515,1.0236,938,0.051200873,0.4433,1042,0.056877729,0.437,1415,0.077237991,嘉实中证稀土产业ETF联接C
11043,国泰价值先锋股票C,0.3598,1597,0.087172489,0.4089,2250,0.122816594,0.9511,1253,0.068395197,0.4619,922,0.050327511,0.3592,2342,0.127838428,国泰价值先锋股票C
11070,工银成长精选混合C,0.2402,2665,0.145469432,0.2608,4317,0.235644105,0.6733,2829,0.154421397,0.4374,1096,0.059825328,0.1975,6054,0.330458515,工银成长精选混合C
11082,国投瑞银医疗保健混合C,0.2674,2346,0.128056769,0.2899,3781,0.206386463,0.5874,3671,0.200382096,0.3197,2389,0.13040393,0.2457,4473,0.244159389,国投瑞银医疗保健混合C
11114,富国沪港深行业精选混合C,0.5014,886,0.048362445,0.561,1228,0.067030568,0.6588,2957,0.161408297,0.3369,2097,0.114465066,0.21,5508,0.300655022,富国沪港深行业精选混合C
11117,富国沪港深业绩驱动混合型C,0.4654,1027,0.056058952,0.5361,1364,0.074454148,0.5672,3948,0.215502183,0.2714,3231,0.176364629,0.1994,5986,0.326746725,富国沪港深业绩驱动混合型C
11120,富国创新科技混合C,0.7031,412,0.022489083,0.9451,245,0.013373362,1.4406,203,0.011080786,1.063,27,0.001473799,1.0646,22,0.001200873,富国创新科技混合C
11123,汇添富ESG可持续成长股票C,0.1624,3877,0.211626638,0.6073,1015,0.05540393,0.7054,2573,0.140447598,0.3956,1437,0.078438865,0.3854,1974,0.107751092,汇添富ESG可持续成长股票C
11126,富国互联科技股票C,0.4825,949,0.05180131,0.9342,257,0.014028384,0.9865,1087,0.059334061,0.7581,160,0.008733624,0.8412,113,0.006168122,富国互联科技股票C
11137,广发盛兴混合C,0.49,925,0.050491266,0.4939,1580,0.086244541,0.9273,1320,0.072052402,0.3985,1412,0.077074236,0.4321,1476,0.080567686,广发盛兴混合C
11145,华安汇宏精选混合C,1.4627,29,0.001582969,1.5343,24,0.001310044,1.7752,37,0.002019651,0.8205,109,0.005949782,0.6972,278,0.015174672,华安汇宏精选混合C
11171,宝盈智慧生活混合C,0.4609,1045,0.057041485,0.4867,1631,0.089028384,0.9932,1058,0.057751092,0.2912,2862,0.156222707,0.3394,2662,0.145305677,宝盈智慧生活混合C
11197,摩根优势成长混合C,0.2207,2927,0.159770742,0.7264,645,0.035207424,1.1634,539,0.029421397,0.409,1332,0.072707424,0.5292,792,0.043231441,摩根优势成长混合C
11205,兴银中证500指数增强C,0.2073,3119,0.170251092,0.2793,3969,0.216648472,0.5546,4121,0.224945415,0.2083,4856,0.265065502,0.2327,4791,0.261517467,兴银中证500指数增强C
11230,创金合信数字经济主题股票C,0.251,2516,0.137336245,0.3581,2781,0.15180131,0.7032,2588,0.141266376,0.3066,2583,0.14099345,0.396,1859,0.101473799,创金合信数字经济主题股票C
11237,摩根行业睿选股票C,0.1964,3285,0.179312227,0.6454,880,0.048034934,0.9539,1239,0.067631004,0.4141,1296,0.070742358,0.4196,1611,0.087936681,摩根行业睿选股票C
11270,中银证券优势制造股票C,0.2497,2527,0.137936681,0.3906,2404,0.131222707,1.2604,395,0.021561135,0.4528,984,0.05371179,0.521,822,0.044868996,中银证券优势制造股票C
11301,易方达智造优势混合C,0.4462,1118,0.061026201,0.7453,596,0.032532751,0.7217,2474,0.135043668,0.5493,513,0.028002183,0.6421,390,0.02128821,易方达智造优势混合C
11306,富国低碳新经济混合C,0.5652,699,0.038155022,0.7518,582,0.031768559,1.4591,195,0.010644105,0.6883,209,0.011408297,0.63,430,0.023471616,富国低碳新经济混合C
11317,天弘创业板300ETF发起式联接C,0.4226,1230,0.067139738,0.5331,1382,0.075436681,0.9356,1290,0.070414847,0.352,1882,0.102729258,0.4183,1622,0.088537118,天弘创业板300ETF发起式联接C
11370,华商均衡成长混合C,0.9406,195,0.010644105,1.1002,137,0.007478166,1.5997,100,0.005458515,0.9677,67,0.003657205,0.8938,82,0.004475983,华商均衡成长混合C
11372,华商远见价值C,0.226,2840,0.155021834,0.4615,1803,0.098417031,1.1088,637,0.034770742,0.2345,4068,0.222052402,0.2628,3987,0.217631004,华商远见价值C
11378,创金合信积极成长股票C,0.575,676,0.036899563,0.7685,526,0.02871179,1.2717,382,0.020851528,0.4436,1037,0.056604803,0.3358,2715,0.14819869,创金合信积极成长股票C
11400,汇添富数字未来混合C,0.4764,983,0.053657205,0.5973,1050,0.05731441,0.9024,1413,0.077128821,0.5839,406,0.022161572,0.708,260,0.01419214,汇添富数字未来混合C
11402,汇添富成长精选混合C,0.1753,3647,0.199072052,0.3602,2756,0.150436681,0.6701,2859,0.156058952,0.2766,3132,0.170960699,0.3672,2234,0.121943231,汇添富成长精选混合C
11412,易方达远见成长混合C,0.911,207,0.011299127,0.8343,392,0.02139738,1.5472,131,0.007150655,0.9995,51,0.002783843,0.7088,259,0.014137555,易方达远见成长混合C
11447,长江新能源产业混合发起C,0.1491,4120,0.22489083,0.4627,1792,0.097816594,0.7509,2264,0.123580786,0.4217,1226,0.066921397,0.4862,1037,0.056604803,长江新能源产业混合发起C
11452,华泰柏瑞质量成长C,0.5899,644,0.035152838,0.7993,459,0.025054585,1.1878,501,0.027347162,1.0906,19,0.001037118,0.9401,59,0.003220524,华泰柏瑞质量成长C
11462,东吴兴享成长混合C,0.1793,3564,0.194541485,0.7329,625,0.034115721,0.7559,2230,0.121724891,0.483,800,0.043668122,0.4441,1345,0.073417031,东吴兴享成长混合C
11470,东吴新产业精选股票C,0.3487,1686,0.092030568,0.6752,803,0.043831878,0.7263,2445,0.133460699,0.4514,995,0.054312227,0.4113,1694,0.092467249,东吴新产业精选股票C
11477,工银总回报灵活配置混合C,0.3729,1503,0.082041485,0.4211,2130,0.116266376,0.541,4316,0.23558952,0.3177,2424,0.13231441,0.3423,2601,0.141975983,工银总回报灵活配置混合C
11487,博时创新精选混合C,0.4338,1168,0.063755459,0.7602,552,0.030131004,1.3748,242,0.013209607,0.593,392,0.02139738,0.6507,369,0.020141921,博时创新精选混合C
11499,富国沪深300基本面精选股票C,0.2711,2318,0.126528384,0.3556,2805,0.153111354,0.5988,3519,0.192085153,0.2856,2965,0.161844978,0.2634,3973,0.216866812,富国沪深300基本面精选股票C
11507,建信高端装备股票C,0.3134,1947,0.106277293,0.417,2165,0.118176856,0.658,2965,0.161844978,0.2714,3231,0.176364629,0.4115,1691,0.092303493,建信高端装备股票C
11556,富国民裕进取沪港深成长C,0.3316,1793,0.097871179,0.4075,2263,0.123526201,0.5594,4051,0.221124454,0.2516,3646,0.199017467,0.2196,5170,0.28220524,富国民裕进取沪港深成长C
11584,大成港股精选混合(QDII)C,0.7502,353,0.019268559,0.8266,409,0.022325328,0.6886,2700,0.147379913,0.3653,1717,0.093722707,0.2648,3945,0.215338428,大成港股精选混合(QDII)C
11604,兴业高端制造混合C,0.2065,3128,0.170742358,0.3646,2689,0.146779476,0.6785,2790,0.152292576,0.3417,2022,0.110371179,0.4357,1432,0.078165939,兴业高端制造混合C
11609,易方达上证科创50联接C,0.4204,1241,0.067740175,0.5512,1276,0.069650655,1.0927,694,0.037882096,0.3318,2179,0.118941048,0.435,1444,0.078820961,易方达上证科创50联接C
11611,华泰柏瑞上证科创板50成份ETF联接C,0.4201,1243,0.067849345,0.5467,1302,0.071069869,1.1021,658,0.035917031,0.3206,2372,0.129475983,0.425,1547,0.084443231,华泰柏瑞上证科创板50成份ETF联接C
11613,华夏科创50ETF联接C,0.4319,1176,0.06419214,0.547,1301,0.071015284,1.0955,685,0.03739083,0.3298,2210,0.120633188,0.4343,1454,0.079366812,华夏科创50ETF联接C
11615,工银科创ETF联接C,0.4077,1301,0.071015284,0.5287,1399,0.076364629,1.0657,788,0.0430131,0.327,2257,0.12319869,0.4305,1492,0.081441048,工银科创ETF联接C
11631,东财有色增强C,0.2576,2458,0.134170306,0.4338,2035,0.111080786,0.5814,3759,0.20518559,0.3234,2327,0.127019651,0.3276,2819,0.153875546,东财有色增强C
11636,富国港股通策略精选混合C,0.3798,1460,0.079694323,0.5615,1224,0.066812227,0.6619,2919,0.159334061,0.348,1924,0.105021834,0.202,5877,0.320796943,富国港股通策略精选混合C
11638,广发沪港深价值成长混合C,0.386,1420,0.077510917,0.4301,2073,0.113155022,0.5502,4166,0.227401747,0.3398,2053,0.112063319,0.3607,2319,0.126582969,广发沪港深价值成长混合C
11650,易方达逆向投资混合C,0.2546,2487,0.135753275,0.2872,3825,0.20878821,0.5492,4188,0.22860262,0.2751,3160,0.172489083,0.292,3464,0.189082969,易方达逆向投资混合C
11668,东财高端制造增强C,0.179,3574,0.195087336,0.5138,1473,0.08040393,0.7603,2203,0.120251092,0.3521,1881,0.102674672,0.4539,1243,0.067849345,东财高端制造增强C
11707,东吴配置优化混合C,0.2072,3121,0.170360262,0.7222,657,0.035862445,0.9584,1220,0.066593886,0.626,326,0.01779476,0.7848,153,0.008351528,东吴配置优化混合C
11723,前海开源深圳特区精选股票C,0.6184,588,0.03209607,0.533,1383,0.075491266,0.6693,2867,0.156495633,0.2738,3186,0.173908297,0.399,1821,0.099399563,前海开源深圳特区精选股票C
11808,平安研究精选混合C,0.2348,2725,0.148744541,0.5297,1398,0.076310044,0.7236,2459,0.134224891,0.2035,5006,0.273253275,0.2049,5738,0.313209607,平安研究精选混合C
11823,易方达产业升级混合C,0.4649,1031,0.056277293,0.7643,539,0.029421397,0.7605,2200,0.120087336,0.567,452,0.024672489,0.666,336,0.018340611,易方达产业升级混合C
11829,平安睿享成长混合C,0.2451,2595,0.141648472,0.4129,2204,0.120305677,0.9582,1222,0.066703057,0.4152,1285,0.070141921,0.4369,1417,0.077347162,平安睿享成长混合C
11833,西部利得人工智能主题指数增强C,1.0475,131,0.007150655,0.8023,452,0.024672489,1.2914,347,0.018941048,0.4532,982,0.05360262,0.5543,687,0.0375,西部利得人工智能主题指数增强C
11840,天弘中证人工智能C,1.2751,56,0.003056769,0.8755,323,0.017631004,1.2902,350,0.019104803,0.496,718,0.03919214,0.6057,495,0.027019651,天弘中证人工智能C
11844,民生加银内核驱动混合C,0.36,1596,0.087117904,0.5231,1427,0.077893013,0.5683,3931,0.214574236,0.2776,3111,0.16981441,0.2238,5025,0.274290393,民生加银内核驱动混合C
11885,工银景气优选混合C,0.3471,1694,0.092467249,0.4972,1559,0.085098253,0.6901,2688,0.146724891,0.3484,1922,0.104912664,0.2479,4406,0.240502183,工银景气优选混合C
11892,易方达先锋成长混合C,0.9946,167,0.009115721,0.8786,318,0.017358079,1.663,71,0.003875546,1.0137,46,0.002510917,0.717,242,0.013209607,易方达先锋成长混合C
11907,国泰量化收益灵活配置混合C,0.1958,3290,0.179585153,0.336,3084,0.168340611,0.6482,3044,0.166157205,0.2193,4500,0.245633188,0.2213,5105,0.278657205,国泰量化收益灵活配置混合C
11925,嘉实港股互联网产业核心资产C,0.628,560,0.030567686,0.5233,1425,0.077783843,0.8906,1477,0.080622271,0.2127,4698,0.256441048,0.2077,5609,0.306168122,嘉实港股互联网产业核心资产C
11937,华夏阿尔法精选混合C,0.3529,1654,0.090283843,0.5166,1461,0.079748908,0.6868,2716,0.148253275,0.2966,2763,0.150818777,0.4322,1474,0.080458515,华夏阿尔法精选混合C
11965,泰康中证500ETF联接C,0.2348,2725,0.148744541,0.2718,4099,0.223744541,0.5867,3683,0.201037118,0.2074,4885,0.266648472,0.2554,4180,0.228165939,泰康中证500ETF联接C
11978,格林研究优选混合C,0.5009,887,0.048417031,0.4659,1773,0.096779476,0.8016,1975,0.107805677,0.2863,2954,0.161244541,0.3553,2402,0.131113537,格林研究优选混合C
12034,广发睿盛混合C,0.2737,2288,0.12489083,0.3964,2347,0.128111354,0.7146,2518,0.137445415,0.2608,3435,0.1875,0.2911,3479,0.189901747,广发睿盛混合C
12040,鹏华中证信息技术指数(LOF)C,0.8416,256,0.013973799,0.7043,714,0.038973799,1.0702,775,0.042303493,0.3645,1728,0.094323144,0.4692,1120,0.061135371,鹏华中证信息技术指数(LOF)C
12074,华安均衡优选混合C,0.3993,1337,0.072980349,0.6259,951,0.05191048,0.8411,1754,0.095742358,0.464,913,0.049836245,0.4167,1634,0.08919214,华安均衡优选混合C
12081,易方达中证500指数量化增强C,0.2976,2075,0.113264192,0.3501,2879,0.157150655,0.5829,3729,0.203548035,0.2196,4491,0.245141921,0.2471,4427,0.241648472,易方达中证500指数量化增强C
12083,博时数字经济混合C,0.6494,506,0.027620087,0.9631,226,0.012336245,1.6191,93,0.005076419,0.6287,322,0.017576419,0.6712,323,0.017631004,博时数字经济混合C
12094,鹏华创新升级混合C,0.6701,468,0.025545852,0.73,632,0.034497817,1.0883,703,0.038373362,0.5613,467,0.025491266,0.2491,4370,0.238537118,鹏华创新升级混合C
12120,工银核心优势混合C,0.169,3746,0.204475983,0.3671,2662,0.145305677,0.6558,2980,0.162663755,0.3464,1956,0.106768559,0.3468,2531,0.138155022,工银核心优势混合C
12125,博道盛彦混合C,0.6909,435,0.023744541,0.6184,977,0.053329694,0.6824,2749,0.150054585,0.2426,3850,0.210152838,0.2209,5122,0.279585153,博道盛彦混合C
12131,景顺长城先进智造混合C,0.3493,1683,0.091866812,0.5004,1541,0.084115721,0.9324,1303,0.071124454,0.4055,1366,0.074563319,0.4582,1205,0.065775109,景顺长城先进智造混合C
12154,博时研究慧选混合C,0.5146,838,0.045742358,0.5607,1230,0.067139738,0.5222,4531,0.247325328,0.1956,5284,0.288427948,0.2164,5278,0.288100437,博时研究慧选混合C
12180,浦银安盛创业板ETF联接C,0.2798,2238,0.122161572,0.4466,1917,0.104639738,0.8494,1701,0.092849345,0.4249,1199,0.065447598,0.5015,947,0.05169214,浦银安盛创业板ETF联接C
12181,中银智能制造股票C,0.1789,3577,0.195251092,0.4749,1706,0.093122271,0.7747,2114,0.115393013,0.3585,1797,0.09808952,0.4517,1268,0.069213974,中银智能制造股票C
12187,招商品质成长混合C,0.1656,3810,0.207969432,0.2748,4050,0.221069869,0.7593,2210,0.120633188,0.3413,2028,0.11069869,0.2511,4310,0.235262009,招商品质成长混合C
12213,天弘中证高端装备制造指数增强C,0.4655,1025,0.055949782,0.6248,953,0.052019651,0.8632,1621,0.088482533,0.3843,1537,0.08389738,0.4558,1225,0.066866812,天弘中证高端装备制造指数增强C
12264,中银研究精选灵活配置混合C,0.1562,3973,0.216866812,0.3159,3359,0.183351528,0.7983,1990,0.108624454,0.2191,4508,0.246069869,0.3725,2133,0.116430131,中银研究精选灵活配置混合C
12320,东财消费电子增强C,0.7264,380,0.020742358,0.8327,399,0.021779476,1.0112,982,0.05360262,0.3958,1435,0.078329694,0.5028,941,0.051364629,东财消费电子增强C
12322,东财云计算增强C,1.2236,73,0.003984716,0.7205,662,0.036135371,1.1633,541,0.029530568,0.3499,1906,0.104039301,0.489,1010,0.055131004,东财云计算增强C
12343,广发瑞泽精选混合C,0.6079,608,0.033187773,0.625,952,0.051965066,1.0508,838,0.045742358,0.4669,898,0.049017467,0.4882,1018,0.055567686,广发瑞泽精选混合C
12359,汇丰晋信医疗先锋混合C,0.4129,1268,0.069213974,0.5797,1140,0.062227074,0.9653,1183,0.064574236,0.6214,333,0.018176856,0.2588,4073,0.222325328,汇丰晋信医疗先锋混合C
12383,宏利新兴景气龙头混合C,0.1595,3920,0.213973799,0.7898,479,0.026146288,0.8589,1637,0.089355895,0.2675,3311,0.180731441,0.3275,2820,0.153930131,宏利新兴景气龙头混合C
12429,华夏核心制造混合C,0.2838,2203,0.120251092,0.5423,1332,0.072707424,0.7664,2161,0.117958515,0.3962,1432,0.078165939,0.4605,1186,0.064737991,华夏核心制造混合C
12448,华夏互联网龙头混合C,0.5245,804,0.043886463,0.2863,3842,0.209716157,0.6618,2920,0.159388646,0.2768,3129,0.170796943,0.3806,2031,0.110862445,华夏互联网龙头混合C
12455,淳厚鑫悦混合C,0.219,2953,0.161189956,0.6304,937,0.051146288,0.9399,1279,0.06981441,0.4852,790,0.043122271,0.3231,2888,0.157641921,淳厚鑫悦混合C
12457,鹏扬数字经济先锋混合C,0.3625,1586,0.086572052,0.8763,321,0.017521834,1.3309,295,0.01610262,0.4125,1305,0.071233624,0.567,644,0.035152838,鹏扬数字经济先锋混合C
12476,平安优质企业混合C,0.1492,4117,0.224727074,0.3876,2436,0.132969432,0.7649,2174,0.118668122,0.3907,1475,0.0805131,0.4283,1515,0.082696507,平安优质企业混合C
12492,华商核心引力混合C,0.4591,1057,0.057696507,0.5812,1133,0.061844978,1.0738,762,0.041593886,0.4749,845,0.046124454,0.477,1081,0.05900655,华商核心引力混合C
12501,博时汇荣回报混合C,0.5128,840,0.045851528,0.7068,707,0.038591703,1.0489,845,0.046124454,0.6287,322,0.017576419,0.6261,445,0.024290393,博时汇荣回报混合C
12520,大成核心趋势混合C,0.2652,2364,0.129039301,0.4071,2265,0.123635371,0.5492,4188,0.22860262,0.3201,2383,0.130076419,0.2733,3813,0.208133188,大成核心趋势混合C
12551,华宝中证电子50ETF联接C,1.0082,161,0.00878821,0.9362,254,0.013864629,1.0494,843,0.046015284,0.4586,946,0.051637555,0.558,670,0.036572052,华宝中证电子50ETF联接C
12553,天弘中证芯片产业ETF发起式联接C,0.7617,336,0.018340611,0.7527,580,0.031659389,1.2552,405,0.022106987,0.3643,1732,0.094541485,0.4542,1239,0.067631004,天弘中证芯片产业ETF发起式联接C
12555,西部利得创业板大盘ETF联接C,0.4316,1178,0.06430131,0.6982,735,0.040120087,1.1345,584,0.031877729,0.5198,614,0.033515284,0.5892,554,0.030240175,西部利得创业板大盘ETF联接C
12569,天弘高端制造混合C,0.1365,4418,0.241157205,0.3232,3262,0.178056769,0.6468,3060,0.167030568,0.2656,3346,0.182641921,0.3335,2739,0.149508734,天弘高端制造混合C
12589,南方港股通优势企业混合C,0.6103,602,0.032860262,0.5961,1056,0.057641921,0.6917,2678,0.146179039,0.3413,2028,0.11069869,0.3,3296,0.179912664,南方港股通优势企业混合C
12628,华夏大盘精选混合C,0.1662,3795,0.207150655,0.2601,4333,0.236517467,0.5775,3816,0.208296943,0.2461,3775,0.206058952,0.3091,3124,0.170524017,华夏大盘精选混合C
12630,广发国证半导体芯片ETF联接C,0.6547,499,0.027237991,0.7961,466,0.025436681,1.2498,411,0.022434498,0.3675,1692,0.092358079,0.4636,1163,0.063482533,广发国证半导体芯片ETF联接C
12651,博时半导体主题混合C,0.7061,410,0.022379913,0.8916,303,0.016539301,1.5545,127,0.006932314,0.428,1167,0.063700873,0.5239,805,0.043941048,博时半导体主题混合C
12672,嘉实核心蓝筹混合C,0.3232,1857,0.101364629,0.3713,2615,0.142740175,0.5346,4397,0.240010917,0.2812,3047,0.166320961,0.2353,4728,0.258078603,嘉实核心蓝筹混合C
12689,长安成长优选混合C,0.1425,4269,0.233024017,0.3971,2338,0.127620087,0.8241,1847,0.100818777,0.268,3298,0.180021834,0.4006,1806,0.098580786,长安成长优选混合C
12697,同泰数字经济股票C,0.6166,591,0.032259825,0.9926,204,0.011135371,1.4658,193,0.010534934,0.7768,148,0.008078603,0.805,138,0.007532751,同泰数字经济股票C
12707,中银核心精选混合C,0.1761,3631,0.19819869,0.3429,2991,0.163264192,0.6508,3026,0.165174672,0.2843,2987,0.163045852,0.3902,1920,0.104803493,中银核心精选混合C
12716,长盛创新先锋混合C,0.2892,2144,0.117030568,0.5381,1359,0.074181223,0.857,1656,0.090393013,0.2776,3111,0.16981441,0.3526,2438,0.133078603,长盛创新先锋混合C
12718,易方达中证科技50ETF联接C,0.3103,1973,0.107696507,0.3821,2489,0.135862445,0.8453,1724,0.094104803,0.3643,1732,0.094541485,0.4428,1361,0.074290393,易方达中证科技50ETF联接C
12729,国泰中证动漫游戏ETF联接C,1.1518,87,0.004748908,0.4338,2035,0.111080786,0.9744,1145,0.0625,0.3303,2204,0.120305677,0.3107,3097,0.169050218,国泰中证动漫游戏ETF联接C
12734,易方达中证人工智能主题ETF联接C,1.2484,61,0.003329694,0.8669,339,0.018504367,1.2872,355,0.019377729,0.4885,768,0.041921397,0.5996,519,0.028329694,易方达中证人工智能主题ETF联接C
12769,华夏中证动漫游戏ETF发起式联接C,1.1472,89,0.004858079,0.4274,2093,0.114246725,0.9972,1044,0.0569869,0.3255,2280,0.124454148,0.3113,3086,0.168449782,华夏中证动漫游戏ETF发起式联接C
12780,博时移动互联主题混合C,0.6693,473,0.025818777,0.7332,622,0.033951965,1.0078,1000,0.054585153,0.5076,663,0.036189956,0.5677,638,0.034825328,博时移动互联主题混合C
12800,宏利转型机遇股票C,0.4823,952,0.051965066,1.2543,90,0.004912664,1.3954,227,0.01239083,0.7987,131,0.007150655,0.7491,198,0.01080786,宏利转型机遇股票C
12809,鹏华中证沪港深科技龙头指数(LOF)C,0.7149,394,0.02150655,0.6235,959,0.052347162,0.7713,2130,0.116266376,0.2085,4846,0.264519651,0.3015,3268,0.178384279,鹏华中证沪港深科技龙头指数(LOF)C
12836,招商景气精选股票C,0.7592,340,0.018558952,0.7269,642,0.035043668,0.5367,4365,0.238264192,0.4139,1298,0.070851528,0.3669,2240,0.122270742,招商景气精选股票C
12838,华安CES半导体芯片行业指数发起C,0.6107,601,0.032805677,0.6906,757,0.041320961,1.2128,468,0.025545852,0.3561,1831,0.099945415,0.4493,1290,0.070414847,华安CES半导体芯片行业指数发起C
12895,天弘中证科创创业50ETF联接C,0.5258,800,0.043668122,0.7296,634,0.034606987,1.1613,542,0.029585153,0.5571,485,0.026473799,0.6418,391,0.021342795,天弘中证科创创业50ETF联接C
12899,兴银中证科创创业50指数C,0.5446,751,0.04099345,0.7169,677,0.036954148,1.1326,589,0.032150655,0.528,585,0.031932314,0.6159,469,0.025600437,兴银中证科创创业50指数C
12901,招商创业板指数增强C,0.3264,1834,0.10010917,0.5701,1182,0.064519651,0.9707,1162,0.063427948,0.419,1246,0.0680131,0.4622,1172,0.063973799,招商创业板指数增强C
12908,鹏扬中证科创创业50ETF联接C,0.4939,913,0.049836245,0.7111,695,0.037936681,1.1581,547,0.029858079,0.5464,527,0.028766376,0.6332,416,0.022707424,鹏扬中证科创创业50ETF联接C
12922,易方达全球成长精选混合(QDII)人民币C,1.4066,37,0.002019651,1.3857,62,0.003384279,0.983,1107,0.060425764,0.6439,294,0.016048035,0.5028,941,0.051364629,易方达全球成长精选混合(QDII)人民币C
12970,鹏华国证半导体芯片ETF联接C,0.6342,550,0.030021834,0.7602,552,0.030131004,1.2169,459,0.025054585,0.3692,1680,0.091703057,0.468,1128,0.061572052,鹏华国证半导体芯片ETF联接C
13010,万家港股通精选混合C,0.4441,1128,0.061572052,0.5066,1510,0.082423581,0.71,2545,0.138919214,0.2978,2745,0.149836245,0.2354,4726,0.257969432,万家港股通精选混合C
13046,富国产业升级混合C,0.1737,3671,0.200382096,0.3031,3553,0.193941048,0.5602,4038,0.220414847,0.2995,2708,0.147816594,0.3566,2381,0.129967249,富国产业升级混合C
13050,兴业能源革新股票C,0.1558,3982,0.217358079,0.3661,2673,0.145906114,0.6362,3160,0.172489083,0.2907,2867,0.156495633,0.3934,1888,0.103056769,兴业能源革新股票C
13081,中信保诚中证800有色指数(LOF)C,0.3821,1448,0.079039301,0.5013,1534,0.083733624,0.6394,3131,0.170906114,0.3779,1601,0.08739083,0.3544,2416,0.131877729,中信保诚中证800有色指数(LOF)C
13084,中信保诚中证智能家居指数(LOF)C,0.8095,282,0.015393013,0.6416,895,0.048853712,1.0222,943,0.051473799,0.2309,4162,0.227183406,0.3632,2278,0.124344978,中信保诚中证智能家居指数(LOF)C
13108,华夏先进制造龙头混合C,0.6165,593,0.032368996,0.7564,564,0.030786026,0.8843,1514,0.082641921,0.4851,791,0.043176856,0.4968,971,0.053002183,华夏先进制造龙头混合C
13116,华安文体健康混合C,0.2543,2491,0.135971616,0.4789,1673,0.091320961,0.8735,1570,0.08569869,0.352,1882,0.102729258,0.4135,1666,0.090938865,华安文体健康混合C
13119,中信保诚中证500指数(LOF)C,0.2664,2357,0.128657205,0.2617,4301,0.234770742,0.5397,4334,0.236572052,0.1907,5451,0.297543668,0.24,4615,0.25191048,中信保诚中证500指数(LOF)C
13122,中信保诚中证TMT(LOF)C,0.7558,343,0.018722707,0.5722,1173,0.064028384,0.9785,1128,0.061572052,0.3455,1966,0.10731441,0.4372,1413,0.077128821,中信保诚中证TMT(LOF)C
13142,华商乐享互联灵活配置混合C,0.3792,1464,0.079912664,0.2827,3905,0.213155022,0.9312,1308,0.07139738,0.2294,4198,0.229148472,0.248,4403,0.240338428,华商乐享互联灵活配置混合C
13153,长信电子信息量化灵活配置混合C,0.6522,501,0.027347162,0.8992,292,0.015938865,1.3487,272,0.014847162,0.5821,412,0.022489083,0.5315,784,0.04279476,长信电子信息量化灵活配置混合C
13167,东兴宸祥量化混合C,0.3808,1455,0.079421397,0.3628,2718,0.148362445,0.7323,2401,0.131058952,0.2405,3903,0.213045852,0.2147,5349,0.291975983,东兴宸祥量化混合C
13173,红土创新科技创新3个月定开混合C,0.2055,3141,0.171451965,0.5481,1291,0.070469432,1.0078,1000,0.054585153,0.4857,788,0.0430131,0.4475,1320,0.072052402,红土创新科技创新3个月定开混合C
13210,金鹰大视野混合C,0.1753,3647,0.199072052,0.335,3098,0.169104803,0.6333,3194,0.174344978,0.2584,3483,0.190120087,0.2967,3370,0.183951965,金鹰大视野混合C
13277,富国创业板ETF联接C,0.3511,1670,0.091157205,0.5378,1362,0.074344978,0.966,1182,0.064519651,0.4306,1140,0.062227074,0.5082,908,0.049563319,富国创业板ETF联接C
13278,富国中证体育产业指数(LOF)C,0.7258,381,0.020796943,0.3143,3380,0.184497817,0.7485,2285,0.124727074,0.2805,3061,0.167085153,0.2458,4468,0.243886463,富国中证体育产业指数(LOF)C
13280,宏利睿智稳健混合C,0.2347,2728,0.148908297,0.2698,4137,0.225818777,0.5452,4249,0.231932314,0.2943,2804,0.153056769,0.3194,2940,0.160480349,宏利睿智稳健混合C
13292,富国中证智能汽车(LOF)C,0.4771,979,0.053438865,0.4352,2019,0.110207424,0.7189,2493,0.136080786,0.1885,5527,0.30169214,0.341,2630,0.143558952,富国中证智能汽车(LOF)C
13299,南方中证科创创业50ETF联接C,0.4925,920,0.050218341,0.7025,719,0.039246725,1.1395,577,0.031495633,0.5457,532,0.029039301,0.6351,408,0.022270742,南方中证科创创业50ETF联接C
13303,招商中证科创创业50ETF联接C,0.5315,781,0.042631004,0.739,608,0.033187773,1.1814,509,0.027783843,0.5367,561,0.030622271,0.6229,453,0.024727074,招商中证科创创业50ETF联接C
13305,易方达中证科创创业50联接C,0.5056,875,0.047762009,0.7157,681,0.037172489,1.1574,548,0.029912664,0.5484,516,0.028165939,0.6355,406,0.022161572,易方达中证科创创业50联接C
13311,华夏科创创业50ETF联接C,0.4666,1016,0.055458515,0.6718,821,0.04481441,1.1048,653,0.035644105,0.5403,552,0.030131004,0.6254,447,0.024399563,华夏科创创业50ETF联接C
13314,富国中证科创创业50ETF联接C,0.511,846,0.046179039,0.7125,688,0.037554585,1.1429,571,0.031168122,0.5481,519,0.028329694,0.6366,402,0.021943231,富国中证科创创业50ETF联接C
13316,嘉实中证科创创业50ETF发起联接C,0.4637,1038,0.056659389,0.6654,838,0.045742358,1.1006,664,0.036244541,0.5395,555,0.03029476,0.626,446,0.024344978,嘉实中证科创创业50ETF发起联接C
13318,华宝中证科创创业50ETF联接C,0.4726,996,0.054366812,0.6625,841,0.045906114,1.0802,740,0.040393013,0.5361,562,0.030676856,0.6226,454,0.024781659,华宝中证科创创业50ETF联接C
13331,富国中证1000指数增强(LOF)C,0.3132,1951,0.106495633,0.3136,3394,0.185262009,0.5985,3523,0.192303493,0.1966,5255,0.286844978,0.2169,5265,0.28739083,富国中证1000指数增强(LOF)C
13340,创金合信芯片产业股票发起C,0.6333,553,0.03018559,0.7362,615,0.033569869,1.1653,533,0.029093886,0.325,2294,0.125218341,0.4341,1456,0.079475983,创金合信芯片产业股票发起C
13364,大成中国优势混合(QDII)C,0.4935,914,0.04989083,0.7226,656,0.03580786,0.7372,2364,0.129039301,0.3609,1773,0.096779476,0.238,4656,0.254148472,大成中国优势混合(QDII)C
13366,汇添富产业升级混合C,0.2678,2344,0.127947598,0.6549,860,0.046943231,0.8751,1559,0.085098253,0.4501,1003,0.054748908,0.3721,2141,0.116866812,汇添富产业升级混合C
13392,广发港股通优质增长混合C,0.3139,1938,0.105786026,0.3087,3471,0.189465066,0.7006,2604,0.142139738,0.3061,2587,0.14121179,0.2583,4086,0.223034934,广发港股通优质增长混合C
13396,华夏新能源车龙头混合发起式C,0.193,3344,0.182532751,0.3596,2768,0.151091703,0.5709,3893,0.2125,0.2559,3541,0.193286026,0.3657,2249,0.122762009,华夏新能源车龙头混合发起式C
13418,博时核心资产精选混合C,0.3145,1931,0.10540393,0.6147,989,0.053984716,0.9581,1223,0.066757642,0.3997,1403,0.076582969,0.3807,2029,0.110753275,博时核心资产精选混合C
13446,东财芯片C,0.7432,363,0.01981441,0.7367,612,0.033406114,1.2365,433,0.023635371,0.3557,1836,0.100218341,0.4478,1312,0.071615721,东财芯片C
13466,博时智选量化多因子股票C,0.6921,431,0.023526201,0.7703,520,0.028384279,1.074,761,0.041539301,0.285,2977,0.1625,0.3478,2513,0.137172489,博时智选量化多因子股票C
13470,泰信低碳经济混合发起式C,0.1812,3522,0.192248908,0.83,405,0.022106987,1.0612,804,0.043886463,0.5027,683,0.037281659,0.6511,368,0.020087336,泰信低碳经济混合发起式C
13483,华安医疗创新混合C,0.4775,977,0.053329694,0.4161,2176,0.118777293,0.7223,2469,0.134770742,0.4618,923,0.050382096,0.2132,5396,0.294541485,华安医疗创新混合C
13489,广发东财大数据精选混合C,0.3523,1662,0.090720524,0.4313,2062,0.112554585,0.8581,1647,0.089901747,0.2541,3587,0.195796943,0.2307,4843,0.264355895,广发东财大数据精选混合C
13514,长安先进制造混合C,0.2407,2662,0.145305677,0.455,1852,0.101091703,0.8414,1750,0.095524017,0.2703,3250,0.177401747,0.4049,1761,0.096124454,长安先进制造混合C
13530,弘毅远方国企转型升级混合C,0.1467,4178,0.228056769,0.2746,4057,0.221451965,0.5747,3856,0.210480349,0.192,5404,0.294978166,0.2322,4807,0.26239083,弘毅远方国企转型升级混合C
13533,广发科技创新混合C,0.3671,1555,0.084879913,0.7176,674,0.036790393,1.0824,728,0.039737991,0.3129,2491,0.135971616,0.3908,1915,0.104530568,广发科技创新混合C
13553,汇添富成长领先混合C,0.2783,2249,0.122762009,0.4599,1815,0.099072052,0.7903,2028,0.11069869,0.5265,588,0.03209607,0.4477,1315,0.071779476,汇添富成长领先混合C
13562,国联匠心优选混合C,0.2106,3070,0.167576419,0.3454,2956,0.161353712,0.6947,2649,0.14459607,0.3559,1834,0.10010917,0.291,3480,0.189956332,国联匠心优选混合C
13613,宝盈国家安全沪港深股票C,0.4415,1137,0.062063319,0.5922,1076,0.058733624,0.8855,1506,0.08220524,0.3699,1675,0.091430131,0.4796,1066,0.058187773,宝盈国家安全沪港深股票C
13620,华安媒体互联网混合C,0.46,1051,0.057368996,0.4584,1827,0.099727074,0.7977,1992,0.108733624,0.2981,2737,0.149399563,0.3565,2383,0.130076419,华安媒体互联网混合C
13621,华安智能生活混合C,0.3507,1673,0.091320961,0.4443,1940,0.105895197,0.8204,1863,0.10169214,0.3969,1423,0.077674672,0.4171,1630,0.088973799,华安智能生活混合C
13622,华安智能装备主题股票C,0.7568,341,0.018613537,0.7657,534,0.029148472,0.8984,1426,0.077838428,0.3714,1658,0.090502183,0.4602,1189,0.064901747,华安智能装备主题股票C
13637,国投瑞银策略回报混合C,0.2625,2402,0.131113537,0.3352,3094,0.168886463,0.5324,4413,0.240884279,0.3366,2101,0.114683406,0.381,2021,0.110316594,国投瑞银策略回报混合C
13642,博道成长智航股票C,0.6962,425,0.02319869,0.6325,928,0.050655022,0.9544,1237,0.067521834,0.3236,2323,0.12680131,0.3294,2790,0.152292576,博道成长智航股票C
13681,华安品质甄选混合C,0.2212,2925,0.159661572,0.3527,2843,0.15518559,0.7005,2606,0.142248908,0.2384,3960,0.216157205,0.3072,3157,0.172325328,华安品质甄选混合C
13722,信澳景气优选混合C,0.9709,179,0.009770742,1.3071,79,0.004312227,1.4763,185,0.010098253,0.6544,269,0.014683406,0.7046,265,0.014465066,信澳景气优选混合C
13734,红塔红土盛丰混合C,0.9956,166,0.009061135,0.8233,416,0.022707424,0.8174,1887,0.103002183,0.3927,1462,0.079803493,0.4281,1518,0.082860262,红塔红土盛丰混合C
13787,交银智选星光混合(FOF-LOF)C,0.1432,4251,0.232041485,0.3007,3596,0.19628821,0.6156,3351,0.182914847,0.3156,2450,0.133733624,0.3249,2865,0.156386463,交银智选星光混合(FOF-LOF)C
13811,广发科创板50ETF发起联接C,0.3921,1389,0.075818777,0.5337,1379,0.075272926,1.0904,698,0.038100437,0.3328,2164,0.118122271,0.4379,1403,0.076582969,广发科创板50ETF发起联接C
13841,银华集成电路混合C,0.4391,1151,0.062827511,0.5476,1295,0.070687773,1.0984,675,0.036844978,0.3142,2472,0.134934498,0.3482,2506,0.136790393,银华集成电路混合C
13856,嘉实品质发现混合C,0.3197,1893,0.103329694,0.4615,1803,0.098417031,0.6831,2744,0.149781659,0.398,1416,0.077292576,0.3707,2167,0.118286026,嘉实品质发现混合C
13881,长信中证500指数增强C,0.2685,2340,0.127729258,0.4104,2228,0.121615721,0.638,3141,0.171451965,0.2625,3400,0.18558952,0.2956,3391,0.185098253,长信中证500指数增强C
13894,国联安上证科创50ETF联接C,0.381,1453,0.079312227,0.5276,1408,0.076855895,1.0753,754,0.041157205,0.3255,2280,0.124454148,0.4347,1451,0.079203057,国联安上证科创50ETF联接C
13896,宝盈成长精选混合C,0.3017,2045,0.111626638,0.3387,3051,0.166539301,0.5421,4296,0.234497817,0.1893,5499,0.300163755,0.2109,5469,0.298526201,宝盈成长精选混合C
13949,交银科锐科技创新混合C,0.2125,3043,0.16610262,0.3345,3106,0.169541485,0.6691,2870,0.156659389,0.3532,1867,0.10191048,0.3776,2066,0.112772926,交银科锐科技创新混合C
13950,交银先锋混合C,0.1773,3601,0.196561135,0.4373,1998,0.109061135,0.8651,1612,0.087991266,0.4767,838,0.045742358,0.5544,685,0.03739083,交银先锋混合C
13954,广发积极优势混合(FOF-LOF)C,0.2175,2977,0.1625,0.3443,2970,0.162117904,0.6251,3270,0.17849345,0.3051,2601,0.141975983,0.3254,2859,0.156058952,广发积极优势混合(FOF-LOF)C
13955,广发中小盘精选混合C,0.409,1291,0.070469432,0.4996,1546,0.084388646,0.9898,1069,0.058351528,0.2803,3065,0.167303493,0.2949,3401,0.185644105,广发中小盘精选混合C
14037,博时成长回报混合C,0.4999,889,0.048526201,0.7691,522,0.02849345,1.4974,172,0.009388646,0.6006,370,0.020196507,0.6332,416,0.022707424,博时成长回报混合C
14051,平安安盈灵活配置混合C,0.1344,4471,0.244050218,0.3422,2995,0.163482533,0.7454,2309,0.126037118,0.3415,2024,0.110480349,0.3371,2701,0.147434498,平安安盈灵活配置混合C
14063,景顺长城专精特新量化优选股票C,0.2463,2573,0.140447598,0.3505,2874,0.156877729,0.885,1509,0.082368996,0.2246,4349,0.23739083,0.2617,4014,0.219104803,景顺长城专精特新量化优选股票C
14113,上银未来生活灵活配置混合C,0.5665,697,0.038045852,0.6298,939,0.051255459,0.8609,1628,0.088864629,0.3381,2073,0.113155022,0.3365,2707,0.147762009,上银未来生活灵活配置混合C
14115,广发沪港深医药混合C,0.5713,686,0.037445415,0.6429,886,0.048362445,0.9647,1187,0.064792576,0.5715,441,0.024072052,0.2891,3523,0.192303493,广发沪港深医药混合C
14118,国泰创新药ETF联接C,0.3954,1368,0.074672489,0.3235,3258,0.177838428,0.7434,2324,0.126855895,0.4223,1219,0.066539301,0.2706,3863,0.210862445,国泰创新药ETF联接C
14127,融通核心价值混合C,0.3408,1740,0.094978166,0.5499,1281,0.069923581,0.5577,4077,0.222543668,0.3979,1418,0.077401747,0.382,2004,0.109388646,融通核心价值混合C
14130,融通中证云计算与大数据主题指数(LOF)C,1.2442,62,0.003384279,0.6185,976,0.053275109,1.0798,741,0.040447598,0.3111,2519,0.1375,0.4448,1341,0.07319869,融通中证云计算与大数据主题指数(LOF)C
14136,中欧金安量化混合C,0.3314,1797,0.09808952,0.441,1967,0.107368996,0.723,2465,0.134552402,0.2517,3643,0.198853712,0.2295,4875,0.26610262,中欧金安量化混合C
14143,银河创新成长混合C,0.7822,304,0.016593886,1.0636,153,0.008351528,1.5559,126,0.006877729,0.4257,1193,0.065120087,0.4779,1075,0.058679039,银河创新成长混合C
14156,国泰君安中证500指数增强C,0.3833,1439,0.078548035,0.3635,2705,0.147652838,0.6367,3155,0.172216157,0.2256,4318,0.23569869,0.2604,4043,0.220687773,国泰君安中证500指数增强C
14162,万家人工智能混合C,0.8176,275,0.015010917,0.8105,438,0.023908297,1.0253,928,0.050655022,0.556,490,0.026746725,0.8389,115,0.006277293,万家人工智能混合C
14172,富国中证工业4.0指数(LOF)C,0.5152,836,0.045633188,0.5341,1377,0.075163755,0.9679,1175,0.064137555,0.3209,2366,0.129148472,0.4516,1270,0.069323144,富国中证工业4.0指数(LOF)C
14173,富国中证移动互联网指数(LOF)C,0.8991,215,0.011735808,0.6162,984,0.05371179,1.035,893,0.048744541,0.3603,1781,0.097216157,0.4595,1192,0.065065502,富国中证移动互联网指数(LOF)C
14176,工银价值成长混合C,0.153,4027,0.21981441,0.2993,3622,0.197707424,0.5269,4478,0.244432314,0.3202,2379,0.129858079,0.3012,3277,0.178875546,工银价值成长混合C
14192,广发先进制造股票发起式C,0.2327,2750,0.15010917,1.006,198,0.01080786,1.109,636,0.034716157,0.6288,321,0.017521834,0.8551,102,0.005567686,广发先进制造股票发起式C
14194,汇添富中证芯片产业指数增强发起式C,0.7724,320,0.017467249,0.8748,325,0.017740175,1.3116,322,0.017576419,0.4377,1093,0.059661572,0.5249,804,0.043886463,汇添富中证芯片产业指数增强发起式C
14197,国泰行业轮动股票(FOF-LOF)C,0.2977,2074,0.113209607,0.3942,2371,0.129421397,0.7356,2378,0.129803493,0.4436,1037,0.056604803,0.5328,775,0.042303493,国泰行业轮动股票(FOF-LOF)C
14202,天弘中证1000指数增强C,0.4695,1006,0.054912664,0.4664,1767,0.096451965,0.7876,2043,0.111517467,0.2413,3878,0.211681223,0.2437,4518,0.246615721,天弘中证1000指数增强C
14219,汇添富中证科创创业50指数增强发起式C,0.4579,1062,0.057969432,0.7554,566,0.030895197,1.1602,545,0.029748908,0.6027,363,0.01981441,0.6927,284,0.015502183,汇添富中证科创创业50指数增强发起式C
14225,大成聚优成长混合C,0.2922,2124,0.115938865,0.3975,2334,0.127401747,0.5405,4321,0.235862445,0.3209,2366,0.129148472,0.2658,3926,0.21430131,大成聚优成长混合C
14233,博时专精特新主题混合C,0.4997,892,0.048689956,0.441,1967,0.107368996,1.0102,986,0.053820961,0.2632,3384,0.184716157,0.2505,4323,0.235971616,博时专精特新主题混合C
14243,富国新材料新能源混合C,0.5274,794,0.043340611,0.5624,1220,0.066593886,1.3138,318,0.017358079,0.3055,2595,0.141648472,0.5486,712,0.038864629,富国新材料新能源混合C
14282,中信保诚成长动力混合C,0.5689,689,0.03760917,0.7067,708,0.038646288,1.0641,794,0.043340611,0.6669,249,0.013591703,0.8242,126,0.006877729,中信保诚成长动力混合C
14300,宏利先进制造股票C,0.1571,3955,0.215884279,0.4428,1949,0.106386463,0.6261,3253,0.177565502,0.2896,2892,0.157860262,0.4017,1796,0.098034934,宏利先进制造股票C
14306,华泰柏瑞中证500指数增强C,0.3105,1972,0.107641921,0.3491,2892,0.157860262,0.6133,3371,0.18400655,0.2546,3571,0.194923581,0.2837,3614,0.197270742,华泰柏瑞中证500指数增强C
14320,德邦半导体产业混合发起式C,1.2047,78,0.004257642,1.0302,176,0.009606987,1.5416,133,0.007259825,0.6018,367,0.020032751,0.6407,393,0.021451965,德邦半导体产业混合发起式C
14328,格林新兴产业混合C,0.4839,942,0.051419214,0.4684,1755,0.095796943,0.8296,1817,0.099181223,0.3226,2340,0.127729258,0.3719,2145,0.117085153,格林新兴产业混合C
14332,华泰柏瑞中证稀土产业ETF发起式联接C,0.3638,1577,0.086080786,0.6189,972,0.053056769,1.0161,964,0.052620087,0.4319,1136,0.062008734,0.4214,1590,0.086790393,华泰柏瑞中证稀土产业ETF发起式联接C
14335,中信保诚周期轮动混合(LOF)C,0.343,1725,0.094159389,0.4288,2079,0.113482533,0.7156,2509,0.136954148,0.421,1233,0.067303493,0.4354,1440,0.07860262,中信保诚周期轮动混合(LOF)C
14345,鹏华中证500指数增强C,0.4571,1065,0.058133188,0.4507,1888,0.103056769,0.6829,2745,0.149836245,0.27,3256,0.177729258,0.2788,3699,0.20191048,鹏华中证500指数增强C
14353,东方创新成长混合C,0.3206,1883,0.102783843,0.3713,2615,0.142740175,0.9198,1349,0.073635371,0.3916,1471,0.08029476,0.452,1263,0.068941048,东方创新成长混合C
14377,东吴新能源汽车股票C,0.9186,205,0.011189956,0.7916,472,0.025764192,0.9937,1053,0.057478166,0.3965,1428,0.077947598,0.4958,977,0.053329694,东吴新能源汽车股票C
14407,富国中证新华社民族品牌工程ETF联接C,0.3076,2002,0.109279476,0.2865,3839,0.209552402,0.5802,3776,0.206113537,0.2012,5086,0.277620087,0.2509,4317,0.235644105,富国中证新华社民族品牌工程ETF联接C
14409,创金合信兴选产业趋势混合C,0.1544,4005,0.218613537,0.3354,3092,0.168777293,0.8599,1635,0.089246725,0.3013,2674,0.145960699,0.3984,1830,0.09989083,创金合信兴选产业趋势混合C
14417,泰康研究精选股票发起C,0.6427,527,0.028766376,0.8132,432,0.023580786,1.286,357,0.0194869,0.6925,206,0.011244541,0.612,478,0.026091703,泰康研究精选股票发起C
14419,西部利得CES芯片指数增强C,0.741,366,0.019978166,0.8524,366,0.019978166,1.3596,259,0.014137555,0.3468,1946,0.106222707,0.4334,1462,0.079803493,西部利得CES芯片指数增强C
14425,博时恒生医疗保健ETF发起式联接(QDII)C,0.5631,705,0.038482533,0.513,1478,0.080676856,0.9417,1274,0.069541485,0.5128,639,0.034879913,0.2852,3581,0.195469432,博时恒生医疗保健ETF发起式联接(QDII)C
14461,平安品质优选混合C,0.1764,3621,0.197652838,0.4881,1622,0.088537118,0.9263,1322,0.072161572,0.4887,764,0.041703057,0.6427,388,0.021179039,平安品质优选混合C
14473,景顺长城远见成长混合C,0.4335,1169,0.063810044,0.5243,1419,0.077456332,0.8824,1529,0.083460699,0.3334,2157,0.117740175,0.4972,966,0.052729258,景顺长城远见成长混合C
14498,诺安鸿鑫混合C,0.1389,4349,0.23739083,0.2618,4300,0.234716157,0.7597,2207,0.120469432,0.3543,1850,0.100982533,0.3989,1823,0.099508734,诺安鸿鑫混合C
14507,博时成长臻选混合C,0.3638,1577,0.086080786,0.3859,2450,0.133733624,0.5453,4248,0.231877729,0.2144,4645,0.253548035,0.2822,3642,0.198799127,博时成长臻选混合C
14509,汇添富先进制造混合C,0.3248,1847,0.100818777,0.6055,1020,0.055676856,0.5932,3593,0.196124454,0.3534,1859,0.101473799,0.3737,2115,0.115447598,汇添富先进制造混合C
14514,金鹰远见优选混合C,0.1982,3248,0.177292576,0.3613,2736,0.149344978,0.6663,2891,0.157805677,0.2895,2894,0.157969432,0.332,2759,0.150600437,金鹰远见优选混合C
14536,诺安高端制造股票C,0.3293,1815,0.099072052,0.5151,1468,0.080131004,0.8066,1941,0.105949782,0.4085,1337,0.072980349,0.3856,1970,0.107532751,诺安高端制造股票C
14540,华安优势精选混合C,0.1315,4542,0.247925764,0.3508,2868,0.156550218,0.7875,2044,0.111572052,0.2657,3342,0.182423581,0.2978,3344,0.182532751,华安优势精选混合C
14542,华安新能源主题混合C,0.1486,4134,0.225655022,0.4283,2085,0.113810044,0.7637,2181,0.119050218,0.3756,1628,0.088864629,0.4026,1784,0.097379913,华安新能源主题混合C
14544,汇添富中证沪港深云计算产业ETF联接C,1.5098,25,0.001364629,0.9373,252,0.013755459,1.3815,238,0.012991266,0.4493,1005,0.054858079,0.549,711,0.038810044,汇添富中证沪港深云计算产业ETF联接C
14549,交银数据产业灵活配置混合C,0.2296,2790,0.152292576,0.3488,2895,0.158024017,0.6843,2731,0.149072052,0.3865,1514,0.082641921,0.4652,1147,0.06260917,交银数据产业灵活配置混合C
14550,诺安益鑫灵活配置混合C,0.6222,581,0.031713974,0.6928,749,0.040884279,0.8147,1900,0.10371179,0.3684,1688,0.092139738,0.4129,1673,0.091320961,诺安益鑫灵活配置混合C
14565,天弘恒生沪深港创新药精选50ETF发起联接C,0.5093,854,0.046615721,0.3862,2446,0.133515284,0.8626,1623,0.088591703,0.4632,919,0.050163755,0.2926,3450,0.188318777,天弘恒生沪深港创新药精选50ETF发起联接C
14581,东吴阿尔法灵活配置混合C,0.459,1058,0.057751092,0.8474,372,0.020305677,1.4589,196,0.01069869,0.9461,73,0.003984716,0.9526,52,0.002838428,东吴阿尔法灵活配置混合C
14601,博时回报严选混合C,0.6361,545,0.029748908,0.9307,261,0.014246725,1.6647,70,0.003820961,0.7418,170,0.009279476,0.713,250,0.013646288,博时回报严选混合C
14628,财通福盛混合发起(LOF)C,0.2348,2725,0.148744541,0.453,1871,0.102128821,0.6572,2970,0.162117904,0.41,1327,0.072434498,0.382,2004,0.109388646,财通福盛混合发起(LOF)C
14642,摩根新兴动力混合C,0.4237,1223,0.066757642,0.8532,364,0.019868996,1.1366,581,0.031713974,0.6151,338,0.018449782,0.632,419,0.022871179,摩根新兴动力混合C
14709,天弘臻选健康混合C,0.5111,845,0.046124454,0.288,3814,0.208187773,0.5765,3833,0.209224891,0.3463,1959,0.106932314,0.3175,2965,0.161844978,天弘臻选健康混合C
14728,易方达成长动力混合C,1.1732,82,0.004475983,1.4531,39,0.002128821,1.5617,122,0.006659389,0.8829,89,0.004858079,0.834,120,0.006550218,易方达成长动力混合C
14737,创金合信专精特新股票发起C,0.5232,809,0.044159389,0.5688,1193,0.065120087,1.2911,349,0.019050218,0.3603,1781,0.097216157,0.363,2282,0.124563319,创金合信专精特新股票发起C
14755,华安景气优选混合C,0.4125,1274,0.069541485,0.4946,1574,0.085917031,0.87,1591,0.086844978,0.409,1332,0.072707424,0.4246,1551,0.084661572,华安景气优选混合C
14777,富国中证芯片产业ETF发起式联接C,0.6667,479,0.026146288,0.7087,702,0.038318777,1.233,439,0.023962882,0.3579,1804,0.098471616,0.4513,1272,0.069432314,富国中证芯片产业ETF发起式联接C
14806,国金量化精选混合C,0.586,655,0.035753275,0.3414,3009,0.164246725,0.755,2240,0.122270742,0.3109,2521,0.13760917,0.2162,5289,0.288700873,国金量化精选混合C
14819,国金新兴价值混合C,0.1979,3255,0.177674672,0.5172,1459,0.079639738,0.9429,1271,0.069377729,0.4834,798,0.043558952,0.554,688,0.037554585,国金新兴价值混合C
14830,诺德新能源汽车混合C,0.5081,858,0.046834061,0.5503,1277,0.06970524,0.6398,3128,0.170742358,0.2232,4386,0.23941048,0.2484,4389,0.239574236,诺德新能源汽车混合C
14832,兴银中证1000指数增强C,0.2915,2128,0.116157205,0.3388,3049,0.166430131,0.7039,2583,0.14099345,0.1999,5127,0.279858079,0.223,5053,0.275818777,兴银中证1000指数增强C
14839,兴银碳中和主题混合C,0.1477,4153,0.22669214,0.2811,3929,0.214465066,0.5447,4259,0.232478166,0.2067,4914,0.268231441,0.2616,4016,0.219213974,兴银碳中和主题混合C
14845,中银新趋势灵活配置混合C,0.3158,1924,0.105021834,0.3624,2724,0.148689956,0.8926,1468,0.080131004,0.3086,2554,0.13941048,0.4903,999,0.054530568,中银新趋势灵活配置混合C
14855,嘉实中证半导体指数增强发起式C,0.5251,801,0.043722707,0.7824,496,0.027074236,1.2572,402,0.021943231,0.45,1004,0.054803493,0.5002,953,0.052019651,嘉实中证半导体指数增强发起式C
14863,建信信息产业股票C,0.2138,3024,0.165065502,0.4852,1638,0.08941048,0.8928,1465,0.079967249,0.4616,924,0.050436681,0.4976,962,0.052510917,建信信息产业股票C
14871,大摩科技领先混合C,0.2511,2515,0.137281659,0.57,1183,0.064574236,0.7711,2132,0.116375546,0.1905,5455,0.297762009,0.2954,3393,0.185207424,大摩科技领先混合C
14886,长盛匠心研究混合C,0.3177,1908,0.104148472,0.5456,1308,0.07139738,0.8136,1903,0.103875546,0.3314,2186,0.119323144,0.3002,3293,0.179748908,长盛匠心研究混合C
14930,富国高端制造行业股票C,0.3561,1627,0.088810044,0.2965,3664,0.2,0.7186,2496,0.136244541,0.3932,1459,0.079639738,0.4391,1390,0.075873362,富国高端制造行业股票C
14933,南方医药保健灵活配置混合C,0.186,3465,0.189137555,0.3027,3562,0.194432314,0.5642,3987,0.217631004,0.3857,1524,0.083187773,0.2371,4678,0.255349345,南方医药保健灵活配置混合C
14939,同泰产业升级混合C,1.0578,123,0.006713974,1.6941,16,0.000873362,2.2686,14,0.000764192,1.1787,8,0.000436681,0.3793,2047,0.111735808,同泰产业升级混合C
14954,信澳研究优选混合C,0.1889,3421,0.186735808,0.4628,1790,0.097707424,0.9855,1095,0.059770742,0.2592,3470,0.18941048,0.3696,2190,0.119541485,信澳研究优选混合C
14964,摩根科技前沿混合C,0.3124,1955,0.106713974,0.4526,1875,0.102347162,0.6132,3373,0.184115721,0.4195,1242,0.06779476,0.5151,848,0.04628821,摩根科技前沿混合C
14970,华安低碳生活混合C,0.7194,390,0.02128821,0.7744,509,0.027783843,0.9085,1391,0.075927948,0.2905,2870,0.156659389,0.4054,1756,0.095851528,华安低碳生活混合C
14972,华安沪港深外延增长灵活配置混合C,0.3698,1534,0.083733624,0.4716,1733,0.09459607,0.8352,1785,0.097434498,0.3989,1409,0.07691048,0.4155,1645,0.089792576,华安沪港深外延增长灵活配置混合C
14975,华安科技动力混合C,0.8023,288,0.015720524,0.8649,344,0.018777293,0.9813,1114,0.06080786,0.4465,1019,0.055622271,0.5321,780,0.042576419,华安科技动力混合C
14985,华安创业板50指数C,0.4095,1288,0.070305677,0.6806,787,0.042958515,1.1056,649,0.035425764,0.514,634,0.034606987,0.5982,525,0.028657205,华安创业板50指数C
15033,国联医药消费混合C,0.2556,2480,0.135371179,0.267,4194,0.228930131,0.8432,1738,0.094868996,0.4282,1166,0.063646288,0.1969,6073,0.331495633,国联医药消费混合C
15039,长信金利趋势混合C,0.281,2229,0.121670306,0.3622,2727,0.148853712,0.5341,4402,0.240283843,0.2542,3584,0.195633188,0.2929,3443,0.187936681,长信金利趋势混合C
15044,西部利得时代动力混合发起C,0.6758,460,0.02510917,0.9318,259,0.014137555,1.2587,398,0.021724891,0.4743,852,0.04650655,0.5789,601,0.032805677,西部利得时代动力混合发起C
15053,东方红医疗升级股票发起C,0.8061,284,0.015502183,0.6724,814,0.044432314,1.0252,929,0.050709607,0.5218,601,0.032805677,0.198,6035,0.329421397,东方红医疗升级股票发起C
15054,摩根尚睿混合(FOF)C,0.224,2882,0.15731441,0.2927,3725,0.203329694,0.5596,4046,0.220851528,0.1795,5848,0.319213974,0.2505,4323,0.235971616,摩根尚睿混合(FOF)C
15075,摩根卓越制造股票C,0.3166,1920,0.104803493,0.4568,1840,0.100436681,0.6373,3149,0.171888646,0.4117,1310,0.07150655,0.5056,927,0.050600437,摩根卓越制造股票C
15097,东财数字经济C,1.0014,165,0.00900655,1.39,60,0.003275109,1.4108,218,0.011899563,0.9971,54,0.002947598,0.96,49,0.002674672,东财数字经济C
15103,东方红ESG可持续投资混合C,0.1428,4260,0.232532751,0.3948,2364,0.129039301,0.6091,3404,0.18580786,0.2578,3501,0.19110262,0.2415,4566,0.249235808,东方红ESG可持续投资混合C
15105,博道研究恒选混合C,0.1703,3724,0.203275109,0.3321,3138,0.17128821,0.5869,3677,0.200709607,0.2576,3506,0.191375546,0.2412,4580,0.25,博道研究恒选混合C
15118,汇添富沪港深大盘价值混合C,0.232,2762,0.150764192,0.2756,4038,0.220414847,0.6408,3120,0.170305677,0.2496,3692,0.201528384,0.2464,4452,0.2430131,汇添富沪港深大盘价值混合C
15144,中欧智能制造混合C,0.8649,243,0.013264192,1.1546,122,0.006659389,1.5018,167,0.009115721,0.302,2666,0.145524017,0.3814,2016,0.110043668,中欧智能制造混合C
15152,东吴嘉禾优势精选混合C,1.4168,35,0.00191048,1.512,30,0.001637555,1.4928,177,0.009661572,0.8123,118,0.006441048,0.7793,162,0.008842795,东吴嘉禾优势精选混合C
15159,申万菱信智能驱动股票C,0.5373,765,0.041757642,0.8097,439,0.023962882,1.0293,914,0.04989083,0.5753,431,0.023526201,0.638,399,0.021779476,申万菱信智能驱动股票C
15170,摩根核心成长股票C,0.4243,1219,0.066539301,0.5966,1054,0.057532751,0.9136,1372,0.07489083,0.4153,1282,0.069978166,0.4265,1530,0.083515284,摩根核心成长股票C
15177,申万菱信深证成份指数(LOF)C,0.204,3160,0.172489083,0.2935,3715,0.202783843,0.5993,3513,0.191757642,0.2287,4226,0.230676856,0.2891,3523,0.192303493,申万菱信深证成份指数(LOF)C
15198,汇添富移动互联股票C,0.6335,551,0.030076419,0.6719,818,0.044650655,1.1641,536,0.029257642,0.5938,389,0.021233624,0.769,180,0.009825328,汇添富移动互联股票C
15228,华夏创新研选混合C,0.2416,2652,0.144759825,0.2745,4060,0.221615721,0.6247,3275,0.178766376,0.2582,3491,0.190556769,0.3983,1832,0.1,华夏创新研选混合C
15271,财通多策略升级混合(LOF)C,0.849,251,0.013700873,0.963,227,0.01239083,1.3836,237,0.012936681,0.7099,190,0.010371179,0.4949,980,0.05349345,财通多策略升级混合(LOF)C
15321,长江新兴产业混合C,0.4426,1133,0.061844978,0.7086,704,0.038427948,0.9002,1421,0.077565502,0.3677,1691,0.092303493,0.485,1045,0.057041485,长江新兴产业混合C
15337,嘉实中证芯片产业指数发起式C,0.6383,537,0.029312227,0.6718,821,0.04481441,1.1889,500,0.027292576,0.3579,1804,0.098471616,0.4513,1272,0.069432314,嘉实中证芯片产业指数发起式C
15358,摩根慧享成长混合C,0.3602,1595,0.087063319,0.4941,1579,0.086189956,0.6735,2825,0.154203057,0.3649,1721,0.093941048,0.4946,983,0.053657205,摩根慧享成长混合C
15374,浙商智选新兴产业混合C,0.3776,1474,0.080458515,0.4489,1903,0.103875546,0.8063,1942,0.106004367,0.2536,3603,0.196670306,0.3228,2892,0.157860262,浙商智选新兴产业混合C
15382,东方兴瑞趋势领航混合C,0.3472,1693,0.092412664,0.4703,1744,0.095196507,1.0483,846,0.046179039,0.4635,916,0.05,0.3213,2913,0.15900655,东方兴瑞趋势领航混合C
15389,宝盈转型动力混合C,1.8398,13,0.000709607,1.7703,12,0.000655022,1.7281,52,0.002838428,1.0747,24,0.001310044,0.9786,42,0.002292576,宝盈转型动力混合C
15390,万家瑞兴灵活配置混合C,0.3117,1961,0.107041485,0.4444,1939,0.105840611,0.7305,2412,0.131659389,0.3865,1514,0.082641921,0.5092,899,0.049072052,万家瑞兴灵活配置混合C
15396,南方潜力新蓝筹混合C,0.1529,4029,0.219923581,0.5072,1507,0.082259825,0.8126,1907,0.104093886,0.4183,1253,0.068395197,0.4794,1068,0.058296943,南方潜力新蓝筹混合C
15454,中欧中证500指数增强C,0.3689,1541,0.084115721,0.4019,2309,0.126037118,0.711,2539,0.138591703,0.2412,3881,0.211844978,0.2555,4175,0.227893013,中欧中证500指数增强C
15456,信澳领先增长混合C,0.2713,2315,0.126364629,0.5733,1164,0.063537118,1.3245,304,0.016593886,0.2225,4404,0.240393013,0.2567,4127,0.225272926,信澳领先增长混合C
15461,天弘互联网混合C,0.2872,2163,0.118067686,0.4758,1698,0.09268559,0.7077,2558,0.139628821,0.3007,2684,0.14650655,0.3501,2478,0.135262009,天弘互联网混合C
15475,天弘文化新兴产业股票C,0.39,1400,0.076419214,0.4397,1979,0.108024017,0.5922,3608,0.196943231,0.1764,5960,0.325327511,0.2093,5532,0.301965066,天弘文化新兴产业股票C
15491,博时科创主题灵活配置混合(LOF)C,0.433,1174,0.064082969,0.7328,626,0.034170306,1.0886,702,0.038318777,0.6546,268,0.014628821,0.6805,309,0.016866812,博时科创主题灵活配置混合(LOF)C
15496,景顺长城中证1000指数增强C,0.3727,1506,0.08220524,0.379,2529,0.138045852,0.7299,2414,0.131768559,0.2098,4791,0.261517467,0.2401,4610,0.251637555,景顺长城中证1000指数增强C
15508,兴业中证500指数增强C,0.2943,2107,0.115010917,0.3274,3205,0.174945415,0.5313,4426,0.241593886,0.1866,5581,0.304639738,0.2094,5528,0.301746725,兴业中证500指数增强C
15561,长城双动力混合C,0.2786,2247,0.122652838,0.3782,2538,0.138537118,0.7492,2277,0.124290393,0.3349,2129,0.11621179,0.3383,2680,0.14628821,长城双动力混合C
15576,宏利绩优混合C,0.5079,860,0.046943231,0.9206,270,0.014737991,1.2736,378,0.020633188,0.6048,356,0.019432314,0.7958,148,0.008078603,宏利绩优混合C
15593,国泰金鑫股票C,0.5112,844,0.046069869,0.8374,387,0.021124454,1.281,367,0.020032751,0.5596,477,0.026037118,0.784,154,0.008406114,国泰金鑫股票C
15596,国泰国证有色金属行业指数(LOF)C,0.3513,1668,0.091048035,0.4942,1576,0.086026201,0.6236,3285,0.179312227,0.3703,1671,0.09121179,0.359,2346,0.128056769,国泰国证有色金属行业指数(LOF)C
15600,国泰创业板指数(LOF)C,0.4513,1095,0.059770742,0.579,1143,0.06239083,1.0108,985,0.053766376,0.4414,1055,0.057587336,0.5151,848,0.04628821,国泰创业板指数(LOF)C
15608,信澳转型创新股票C,0.3948,1371,0.074836245,0.9164,277,0.015120087,1.3845,236,0.012882096,0.5389,556,0.030349345,0.6628,339,0.018504367,信澳转型创新股票C
15628,圆信永丰弘阳股票C,0.1504,4084,0.222925764,0.4787,1676,0.091484716,0.7454,2309,0.126037118,0.2434,3827,0.20889738,0.352,2449,0.133679039,圆信永丰弘阳股票C
15637,摩根阿尔法混合C,0.3077,1998,0.109061135,0.5008,1539,0.08400655,0.8281,1827,0.099727074,0.3972,1421,0.077565502,0.3986,1826,0.099672489,摩根阿尔法混合C
15673,鹏华创业板指数(LOF)C,0.3698,1534,0.083733624,0.5494,1286,0.070196507,0.9913,1064,0.058078603,0.4344,1113,0.060753275,0.5113,887,0.048417031,鹏华创业板指数(LOF)C
15675,鹏华中证传媒指数(LOF)C,0.8564,247,0.013482533,0.3295,3179,0.173526201,0.7383,2357,0.128657205,0.2185,4525,0.246997817,0.254,4218,0.230240175,鹏华中证传媒指数(LOF)C
15676,鹏华中证移动互联网指数(LOF)C,0.7772,312,0.017030568,0.5403,1345,0.073417031,0.9813,1114,0.06080786,0.3471,1940,0.105895197,0.452,1263,0.068941048,鹏华中证移动互联网指数(LOF)C
15683,景顺长城科技创新混合C,0.8019,290,0.015829694,0.954,236,0.012882096,1.2586,399,0.021779476,0.6348,314,0.017139738,0.6873,295,0.01610262,景顺长城科技创新混合C
15686,富国新兴产业股票C,0.8346,259,0.014137555,1.0661,152,0.008296943,1.6269,91,0.004967249,0.5475,523,0.028548035,0.7288,223,0.012172489,富国新兴产业股票C
15689,富国价值增长混合C,0.2409,2660,0.145196507,0.5852,1107,0.060425764,0.9695,1171,0.063919214,0.6693,241,0.013155022,0.6983,273,0.014901747,富国价值增长混合C
15690,富国中小盘精选混合C,0.9028,213,0.011626638,1.0065,197,0.010753275,1.3529,266,0.014519651,0.7771,147,0.008024017,0.6918,288,0.015720524,富国中小盘精选混合C
15692,富国通胀通缩主题轮动混合C,0.869,236,0.012882096,1.0029,199,0.010862445,1.3796,239,0.013045852,0.8487,98,0.005349345,0.7765,165,0.00900655,富国通胀通缩主题轮动混合C
15709,摩根中国优势混合C,0.425,1212,0.066157205,0.7905,477,0.026037118,1.0621,801,0.043722707,0.5746,434,0.023689956,0.5988,522,0.02849345,摩根中国优势混合C
15715,富国成长动力混合C,0.6614,487,0.026582969,0.8725,328,0.01790393,1.1634,539,0.029421397,0.8037,126,0.006877729,0.762,188,0.010262009,富国成长动力混合C
15750,博时优享回报混合C,0.1692,3741,0.204203057,0.4293,2076,0.113318777,0.6532,3003,0.163919214,0.2771,3122,0.170414847,0.2849,3585,0.195687773,博时优享回报混合C
15751,景顺长城品质长青混合C,1.5199,24,0.001310044,1.4345,44,0.002401747,1.4983,171,0.009334061,0.5647,456,0.02489083,0.5986,523,0.028548035,景顺长城品质长青混合C
15756,景顺长城景气成长混合C,0.343,1725,0.094159389,0.5061,1513,0.082587336,0.814,1901,0.103766376,0.3475,1932,0.105458515,0.4114,1693,0.092412664,景顺长城景气成长混合C
15770,天弘低碳经济混合C,0.1663,3793,0.207041485,0.3239,3250,0.177401747,0.5675,3945,0.215338428,0.2401,3915,0.213700873,0.2558,4161,0.227128821,天弘低碳经济混合C
15773,招商移动互联网产业股票基金C,0.1435,4245,0.231713974,0.3641,2694,0.147052402,0.6544,2991,0.163264192,0.3007,2684,0.14650655,0.4954,978,0.053384279,招商移动互联网产业股票基金C
15785,中信建投中证1000指数增强C,0.4015,1333,0.072762009,0.3629,2714,0.148144105,0.6933,2659,0.145141921,0.1817,5764,0.314628821,0.197,6070,0.331331878,中信建投中证1000指数增强C
15795,天弘创业板指数增强C,0.3752,1491,0.081386463,0.5685,1195,0.065229258,1.0026,1024,0.055895197,0.4575,954,0.052074236,0.5305,788,0.0430131,天弘创业板指数增强C
15849,富国创新企业灵活配置混合(LOF)C,0.5235,806,0.043995633,0.765,536,0.029257642,1.3048,329,0.017958515,0.265,3360,0.183406114,0.3477,2515,0.137281659,富国创新企业灵活配置混合(LOF)C
15850,农银行业轮动混合C,0.3702,1529,0.083460699,0.4346,2025,0.110534934,0.7483,2287,0.124836245,0.3345,2134,0.116484716,0.3674,2230,0.121724891,农银行业轮动混合C
15868,国泰君安中证1000指数增强C,0.546,749,0.040884279,0.5007,1540,0.084061135,0.8461,1721,0.093941048,0.2578,3501,0.19110262,0.2827,3632,0.198253275,国泰君安中证1000指数增强C
15877,富国中证消费电子主题ETF发起式联接C,0.8656,242,0.013209607,0.8581,352,0.019213974,1.071,771,0.042085153,0.4327,1124,0.061353712,0.5777,606,0.033078603,富国中证消费电子主题ETF发起式联接C
15881,中欧小盘成长混合C,0.6613,488,0.026637555,0.6222,962,0.052510917,1.1137,627,0.034224891,0.3421,2016,0.110043668,0.2642,3959,0.21610262,中欧小盘成长混合C
15895,平安中证消费电子主题ETF发起式联接C,0.766,330,0.0180131,0.7898,479,0.026146288,1.0271,925,0.050491266,0.4277,1172,0.063973799,0.5699,629,0.034334061,平安中证消费电子主题ETF发起式联接C
15903,博时优质精选混合C,0.4024,1328,0.072489083,0.5832,1119,0.061080786,0.8715,1581,0.086299127,0.3306,2198,0.119978166,0.3563,2390,0.130458515,博时优质精选混合C
15937,中信保诚鼎利混合(LOF)C,0.5325,780,0.042576419,0.7675,528,0.028820961,1.0868,707,0.038591703,0.6803,217,0.011844978,0.8032,140,0.007641921,中信保诚鼎利混合(LOF)C
15947,兴业研究精选混合C,0.4223,1231,0.067194323,0.5613,1226,0.066921397,0.8619,1626,0.088755459,0.2837,3004,0.163973799,0.2937,3422,0.186790393,兴业研究精选混合C
15968,永赢半导体产业智选混合发起C,0.6456,516,0.028165939,0.9572,233,0.012718341,1.5344,136,0.007423581,0.4597,937,0.051146288,0.4006,1806,0.098580786,永赢半导体产业智选混合发起C
16049,华商甄选回报混合C,0.7111,400,0.021834061,0.5582,1242,0.06779476,0.7094,2550,0.13919214,0.2924,2844,0.155240175,0.2853,3579,0.195360262,华商甄选回报混合C
16050,华商高端装备制造股票C,0.5049,876,0.047816594,0.842,381,0.020796943,1.1255,603,0.032914847,0.669,244,0.013318777,0.7025,267,0.014574236,华商高端装备制造股票C
16051,华商万众创新混合C,0.2966,2087,0.113919214,0.4412,1963,0.107150655,0.8107,1918,0.104694323,0.3761,1620,0.088427948,0.4468,1325,0.072325328,华商万众创新混合C
16052,华商改革创新股票C,0.3239,1851,0.101037118,0.5217,1435,0.078329694,0.8904,1479,0.080731441,0.3193,2398,0.130895197,0.3441,2571,0.140338428,华商改革创新股票C
16068,鹏华新能源汽车混合C,0.3535,1646,0.089847162,0.8354,391,0.021342795,1.4176,216,0.011790393,0.3299,2209,0.120578603,0.5127,872,0.047598253,鹏华新能源汽车混合C
16069,华商研究精选灵活配置C,0.2478,2550,0.13919214,0.3306,3160,0.172489083,0.6694,2866,0.156441048,0.2788,3085,0.168395197,0.3281,2810,0.153384279,华商研究精选灵活配置C
16071,华安智联混合(LOF)C,0.5507,735,0.040120087,0.5722,1173,0.064028384,0.6137,3367,0.18378821,0.3392,2060,0.112445415,0.3141,3024,0.165065502,华安智联混合(LOF)C
16099,华安成长创新混合C,0.3455,1708,0.093231441,0.4357,2014,0.109934498,0.8036,1958,0.106877729,0.3879,1501,0.081932314,0.4106,1704,0.0930131,华安成长创新混合C
16106,申万菱信兴乐优选混合C,0.286,2175,0.118722707,0.2994,3619,0.197543668,0.9648,1185,0.064683406,0.2445,3804,0.207641921,0.2751,3771,0.205840611,申万菱信兴乐优选混合C
16123,华富中证科创创业50指数增强C,0.3593,1601,0.08739083,0.7193,666,0.036353712,1.0916,696,0.037991266,0.5466,525,0.028657205,0.6587,347,0.018941048,华富中证科创创业50指数增强C
16198,大成科创主题混合(LOF)C,0.3373,1759,0.096015284,0.2686,4161,0.227128821,0.5777,3811,0.208024017,0.263,3389,0.184989083,0.2742,3789,0.206823144,大成科创主题混合(LOF)C
16234,财通景气行业混合C,0.8767,230,0.012554585,0.9976,201,0.010971616,1.3983,223,0.012172489,0.7007,202,0.011026201,0.4877,1024,0.055895197,财通景气行业混合C
16238,华夏数字经济龙头混合发起式C,0.5739,679,0.037063319,0.4479,1908,0.104148472,1.0418,866,0.047270742,0.3119,2505,0.136735808,0.3905,1918,0.104694323,华夏数字经济龙头混合发起式C
16256,中信保诚中小盘混合C,0.1941,3327,0.181604803,0.4733,1719,0.093831878,0.7781,2097,0.114465066,0.4481,1011,0.05518559,0.4676,1132,0.061790393,中信保诚中小盘混合C
16257,华宝动力组合混合C,0.2448,2597,0.141757642,0.4333,2040,0.111353712,0.8294,1820,0.099344978,0.279,3083,0.168286026,0.4674,1134,0.061899563,华宝动力组合混合C
16263,银华高端制造业混合C,0.22,2941,0.160534934,0.7093,699,0.038155022,0.8586,1641,0.089574236,0.556,490,0.026746725,0.6687,330,0.0180131,银华高端制造业混合C
16289,华安沪港深通精选灵活配置混合C,0.5057,874,0.047707424,0.7532,577,0.031495633,0.9045,1406,0.076746725,0.501,692,0.037772926,0.4254,1544,0.084279476,华安沪港深通精选灵活配置混合C
16291,华安大国新经济股票C,0.1986,3241,0.17691048,0.3422,2995,0.163482533,0.726,2447,0.133569869,0.2583,3486,0.190283843,0.3396,2661,0.145251092,华安大国新经济股票C
16292,华安物联网主题股票C,0.2572,2467,0.134661572,0.3911,2401,0.131058952,0.7571,2222,0.12128821,0.2648,3364,0.183624454,0.3382,2682,0.14639738,华安物联网主题股票C
16298,中欧丰泰港股通混合C,0.595,633,0.034552402,0.4768,1694,0.092467249,0.5825,3737,0.203984716,0.3654,1716,0.093668122,0.2719,3839,0.209552402,中欧丰泰港股通混合C
16312,中欧优质企业混合C,0.4181,1248,0.068122271,0.5966,1054,0.057532751,0.8952,1449,0.079093886,0.477,836,0.045633188,0.6527,362,0.019759825,中欧优质企业混合C
16371,信澳业绩驱动混合C,0.591,642,0.035043668,1.5872,19,0.001037118,2.5569,6,0.000327511,1.1695,10,0.000545852,1.0902,18,0.000982533,信澳业绩驱动混合C
16400,摩根智选30混合C,0.2574,2461,0.134334061,0.415,2185,0.119268559,0.5934,3589,0.195906114,0.3896,1484,0.081004367,0.4857,1040,0.056768559,摩根智选30混合C
16461,华宝核心优势混合C,1.4139,36,0.001965066,1.3856,63,0.003438865,1.474,188,0.010262009,1.0946,16,0.000873362,0.9344,64,0.00349345,华宝核心优势混合C
16463,华宝万物互联混合C,0.4607,1047,0.057150655,0.7445,597,0.032587336,1.4831,182,0.009934498,0.6728,233,0.012718341,0.6286,437,0.023853712,华宝万物互联混合C
16465,兴证全球合瑞混合C,0.2102,3077,0.167958515,0.3437,2978,0.162554585,0.6156,3351,0.182914847,0.251,3658,0.199672489,0.2894,3516,0.191921397,兴证全球合瑞混合C
16501,华夏半导体龙头混合发起C,0.8202,273,0.014901747,0.7123,690,0.037663755,1.1535,551,0.030076419,0.3982,1414,0.077183406,0.4564,1221,0.066648472,华夏半导体龙头混合发起C
16518,华泰紫金创新成长混合发起C,0.224,2882,0.15731441,0.3337,3114,0.169978166,0.5259,4493,0.245251092,0.3207,2370,0.129366812,0.2598,4052,0.221179039,华泰紫金创新成长混合发起C
16563,金鹰红利价值混合C,0.7962,293,0.01599345,0.4342,2029,0.110753275,0.6877,2707,0.147762009,0.1947,5321,0.290447598,0.2417,4559,0.248853712,金鹰红利价值混合C
16579,长安宏观策略混合C,0.6917,433,0.023635371,0.671,823,0.044923581,1.1101,631,0.034443231,0.7843,141,0.007696507,1.1287,8,0.000436681,长安宏观策略混合C
16600,万家品质生活混合C,0.5444,752,0.041048035,0.8997,290,0.015829694,1.0084,997,0.054421397,0.6526,274,0.014956332,0.7174,241,0.013155022,万家品质生活混合C
16616,国泰估值优势混合(LOF)C,0.3524,1658,0.090502183,0.6749,804,0.043886463,1.0148,970,0.052947598,0.2467,3756,0.205021834,0.4204,1604,0.087554585,国泰估值优势混合(LOF)C
70039,嘉实中证500ETF联接C,0.2426,2635,0.143831878,0.2633,4270,0.233078603,0.5655,3969,0.216648472,0.2043,4987,0.272216157,0.2536,4233,0.231058952,嘉实中证500ETF联接C
160226,国泰民益混合(LOF)C,0.5683,694,0.037882096,0.5916,1079,0.05889738,0.6205,3310,0.180676856,0.5547,494,0.026965066,0.5844,576,0.031441048,国泰民益混合(LOF)C
160424,华安创业板50ETF联接C,0.4349,1163,0.063482533,0.6968,742,0.040502183,1.1159,623,0.03400655,0.5186,618,0.033733624,0.6007,515,0.028111354,华安创业板50ETF联接C
160528,博时研究优选混合(LOF)C,0.1896,3404,0.18580786,0.3727,2597,0.141757642,0.5866,3685,0.201146288,0.3046,2609,0.142412664,0.3591,2344,0.127947598,博时研究优选混合(LOF)C
167507,安信深圳科技指数(LOF)C,0.9322,201,0.010971616,0.86,351,0.019159389,1.3562,263,0.014355895,0.3844,1534,0.083733624,0.489,1010,0.055131004,安信深圳科技指数(LOF)C
501037,汇添富中证500指数(LOF)C,0.2464,2570,0.140283843,0.2616,4302,0.234825328,0.5632,3997,0.218176856,0.2108,4760,0.259825328,0.259,4071,0.222216157,汇添富中证500指数(LOF)C
519022,国泰金泰灵活配置混合C,0.8261,268,0.014628821,0.431,2067,0.112827511,0.5815,3757,0.205076419,0.2691,3278,0.178930131,0.2281,4907,0.267849345,国泰金泰灵活配置混合C
519173,浦银安盛睿智精选混合C,0.3643,1574,0.085917031,0.4724,1729,0.094377729,0.6844,2729,0.148962882,0.3893,1489,0.081277293,0.4747,1094,0.059716157,浦银安盛睿智精选混合C
519771,交银优择回报灵活配置混合C,1.2895,53,0.002893013,1.2895,81,0.004421397,1.3327,291,0.015884279,1.0525,31,0.00169214,0.997,33,0.00180131,交银优择回报灵活配置混合C
673143,西部利得景程混合C,0.3443,1715,0.093613537,0.2686,4161,0.227128821,0.6115,3385,0.184770742,0.2464,3762,0.205349345,0.2063,5679,0.309989083,西部利得景程混合C
690202,民生增强收益债券C,0.1958,3290,0.179585153,0.2569,4394,0.239847162,0.5494,4184,0.228384279,0.1755,5994,0.327183406,0.2154,5321,0.290447598,民生增强收益债券C
920928,中金进取回报混合C,0.2652,2364,0.129039301,0.5859,1101,0.060098253,1.054,829,0.045251092,0.2592,3470,0.18941048,0.364,2270,0.123908297,中金进取回报混合C
